timestamp,headline
2024-11-21 14:49:00,Juros futuros batem nas mínimas do dia
2024-11-22 09:00:00,Reação aos PMIs da Zona do euro
2024-11-22 10:23:00,Maiores altas do Ibovespa:
2024-11-22 10:23:00,Maiores baixas do Ibovespa:
2024-11-22 17:02:00,"Na semana, moeda subiu 0,45%"
2024-11-25 10:19:00,Maiores altas do Ibovespa:
2024-11-25 12:24:00,"Pão de Açúcar também sobe +1,48%"
2024-11-25 12:36:00,Reação a Conta Corrente e IDP
2024-11-25 17:24:00,Haddad está na Fazenda com Galípolo
2024-11-26 09:04:00,"IBGE: IPCA-15 foi de 0,62% em novembro"
2024-11-26 10:00:00,Reação ao IPCA-15
2024-11-26 10:02:00,Reação ao IPCA-15
2024-11-26 10:20:00,Reação ao IPCA-15
2024-11-26 10:28:00,Maiores altas do Ibovespa:
2024-11-26 10:28:00,Maiores baixas do Ibovespa:
2024-11-26 10:33:00,Reação ao IPCA-15
2024-11-26 11:34:00,Reação ao IPCA-15
2024-11-26 12:09:00,Reação ao IPCA-15
2024-11-26 12:47:00,"CEO produziu estrago de imagem, afirmou"
2024-11-26 16:01:00,Veja a íntegra da Ata do Fed
2024-11-27 09:02:00,Juros futuros abrem em alta
2024-11-27 09:02:00,"Ibovespa futuro cai 0,09% (130.580)"
2024-11-27 10:17:00,Maiores altas do Ibovespa:
2024-11-27 10:17:00,Maiores baixas do Ibovespa:
2024-11-27 10:35:00,"Núcleo do PCE no 3TRI +2,1% de +2,8%"
2024-11-27 12:04:00,"EUA: renda pessoal +0,6%, de +0,3% previstos"
2024-11-27 13:49:00,Juros futuros nas máximas:
2024-11-27 14:33:00,Mais dados do Caged em outubro:
2024-11-27 16:07:00,Reação ao Caged
2024-11-27 16:12:00,Reação ao Caged
2024-11-28 09:02:00,Juros futuros vão abrindo em alta
2024-11-28 10:28:00,Maiores altas do Ibovespa:
2024-11-28 10:28:00,Maiores baixas do Ibovespa:
2024-11-28 10:43:00,"dolar na máxima de +1,09% a R$ 5,9770"
2024-11-28 10:44:00,Reação ao pacote fiscal
2024-11-28 10:57:00,Reação ao pacote/Bradesco Asset
2024-11-28 11:02:00,As medidas entram agora como prioridade
2024-11-28 11:04:00,AOVIVO/Haddad: Saímos daqui com esperança
2024-11-28 11:25:00,Mensagem apagada
2024-11-28 12:08:00,Reação ao pacote
2024-11-28 12:44:00,<Mídia oculta>
2024-11-28 13:09:00,Juros futuros já testam os 14%
2024-11-28 13:14:00,Reação ao pacote
2024-11-28 13:32:00,"Stoxx 600 sobe 0,45%, aos 507,23 pontos"
2024-11-28 14:21:00,Reação ao pacote
2024-11-28 14:34:00,Reação ao pacote
2024-11-28 14:50:00,Reação ao pacote
2024-11-28 15:44:00,Reação ao pacote
2024-11-28 17:34:00,Reação ao pacote
2024-11-29 10:01:00,Reação à Pnad
2024-11-29 10:03:00,"dolar sobe a R$ 6,10, em alta de +1,91%"
2024-11-29 10:23:00,Maiores altas do Ibovespa:
2024-11-29 10:23:00,Maiores baixas do Ibovespa:
2024-11-29 10:32:00,Mensagem apagada
2024-11-29 11:03:00,Reação à Pnad
2024-11-29 11:05:00,Reação à Pnad
2024-11-29 11:15:00,<Mídia oculta>
2024-11-29 12:50:00,"Haddad: Se preciso, rota será revisada"
2024-11-29 12:52:00,Apoio de Lira ao pacote reduz dolar
2024-11-29 14:09:00,"Dow Jones +0,77%; S&P500 +0,72%; Nasdaq +0,84%"
2024-11-29 16:08:00,"T-note de 2 anos cai a 4,1510%, de 4,2282%"
2024-11-29 16:12:00,Reação à bandeira verde
2024-12-02 09:04:00,Juros futuros abrem em alta
2024-12-02 10:21:00,Maiores altas do Ibovespa:
2024-12-02 10:21:00,Maiores baixas do Ibovespa:
2024-12-02 10:25:00,Reação ao PMI da zona do euro
2024-12-02 10:26:00,Mensagem apagada
2024-12-02 10:53:00,"dolar faz nova máxima a R$ 6,0714"
2024-12-02 13:33:00,"Stoxx600 sobe 0,54%, aos 513,0 pontos"
2024-12-03 09:04:00,Mensagem apagada
2024-12-03 09:37:00,Reação ao PIB do 3ºTri
2024-12-03 09:39:00,Reação ao PIB do 3ºTri
2024-12-03 09:47:00,Reação ao PIB
2024-12-03 09:55:00,Reação ao PIB
2024-12-03 10:05:00,Reação ao PIB
2024-12-03 10:29:00,Maiores altas do Ibovespa:
2024-12-03 10:29:00,Maiores baixas do Ibovespa:
2024-12-03 12:05:00,<Mídia oculta>
2024-12-03 12:43:00,Reação ao PIB
2024-12-03 13:14:00,Reação ao PIB
2024-12-03 13:57:00,Reação ao PIB
2024-12-03 15:25:00,França: Macron descarta renunciar ao cargo
2024-12-04 09:03:00,"Ibovespa futuro sobe 0,07% (126.405)"
2024-12-04 09:25:00,Mensagem apagada
2024-12-04 10:36:00,Maiores altas do Ibovespa:
2024-12-04 10:36:00,Maiores baixas do Ibovespa:
2024-12-04 10:55:00,EMPRESAS: LWSA avança após dados de novembro
2024-12-04 11:30:00,Servidores não param de pesquisas
2024-12-04 12:30:00,Momento é de grande instabilidade
2024-12-04 13:03:00,"Divulgarei meu relatório na 2ªF, às 9h"
2024-12-04 13:06:00,"Divulgarei meu relatório na 2ªF, às 9h"
2024-12-04 16:01:00,Fed: Veja a íntegra do Livro Bege
2024-12-04 16:17:00,Termina evento do NYT com Jerome Powell
2024-12-05 09:03:00,"Ibovespa futuro sobe 0,21% (126.720)"
2024-12-05 10:37:00,Maiores altas do Ibovespa:
2024-12-05 10:37:00,Maiores baixas do Ibovespa:
2024-12-05 12:07:00,Leilão da NTN-F - Papel do Gringo
2024-12-05 12:07:00,"No geral, leilão foi bem ruim"
2024-12-05 12:12:00,"País vai fechar 2024 crescendo 3,5%"
2024-12-05 15:46:00,MERCADOS: Ouro cai 1% na véspera do payroll
2024-12-05 16:18:00,Juros futuros testam máximas do dia
2024-12-06 09:02:00,Juros futuros sobem
2024-12-06 10:39:00,Maiores altas do Ibovespa:
2024-12-06 10:39:00,Maiores baixas do Ibovespa:
2024-12-06 10:41:00,Reação ao Payroll
2024-12-06 10:44:00,Reação ao Payroll
2024-12-06 10:45:00,Reação ao Payroll
2024-12-06 11:21:00,Lula fala ao vivo em evento do Mercosul
2024-12-06 11:52:00,Reação ao Payroll
2024-12-06 12:22:00,Reação ao Payroll
2024-12-06 12:43:00,Média do payroll é um dado grande
2024-12-06 14:45:00,Juros Futuros renovam máximas:
2024-12-06 16:09:00,"EMPRESAS: Volátil, MRV recua após liderar altas"
2024-12-06 17:03:00,"Na semana, moeda subiu 1,16%"
2024-12-09 09:04:00,Juros futuros abrem mistos
2024-12-09 10:38:00,Maiores altas do Ibovespa:
2024-12-09 10:38:00,Maiores baixas do Ibovespa:
2024-12-09 11:59:00,Mensagem apagada
2024-12-09 12:00:00,Mensagem apagada
2024-12-09 15:06:00,"Superávit no ano alcança US$ 70,845 bi"
2024-12-09 17:24:00,"Dow Jones -0,42%; S&P500 -0,62%; Nasdaq -0,71%"
2024-12-10 09:03:00,Juros futuros abrem em baixa
2024-12-10 09:03:00,"Ibovespa futuro sobe 0,74% (128.350)"
2024-12-10 09:03:00,"IBGE: IPCA foi de 0,39% em novembro"
2024-12-10 09:41:00,Reação ao IPCA de novembro
2024-12-10 09:43:00,Reação ao IPCA de novembro
2024-12-10 10:29:00,Reação ao IPCA de novembro
2024-12-10 10:38:00,Mensagem apagada
2024-12-10 10:38:00,Maiores altas do Ibovespa:
2024-12-10 10:38:00,Maiores baixas do Ibovespa:
2024-12-10 10:54:00,Reação ao IPCA de novembro
2024-12-10 11:30:00,Reação ao IPCA de novembro
2024-12-10 12:53:00,Reação ao IPCA de novembro
2024-12-10 13:03:00,<Mídia oculta>
2024-12-10 15:34:00,EMPRESAS: Ações da Vale diminuem ritmo de perdas
2024-12-11 09:03:00,"Ibovespa futuro cede 0,06% (128.310)"
2024-12-11 10:31:00,"Núcleo do CPI, +0,3%, também no consenso"
2024-12-11 10:37:00,Reação ao CPI
2024-12-11 10:42:00,Maiores altas do Ibovespa:
2024-12-11 10:42:00,Maiores baixas do Ibovespa:
2024-12-11 10:48:00,Reação ao CPI
2024-12-11 12:55:00,Reação ao CPI dos EUA
2024-12-11 14:01:00,"EMPRESAS: Aéreas caem, após altas da véspera"
2024-12-11 17:58:00,"Caros amigos, bom dia!"
2024-12-11 17:58:00,BDM Morning Call: Copom será com emoção
2024-12-12 09:04:00,"Ibovespa futuro  cai 0,24% (129.685)"
2024-12-12 10:15:00,"BCE corta taxa de depósito em 25pb, a 3%"
2024-12-12 10:29:00,Mensagem apagada
2024-12-12 10:35:00,Maiores baixas do Ibovespa:
2024-12-12 10:35:00,Nenhuma ação opera em alta no Ibovespa
2024-12-12 10:51:00,EMPRESAS: Ambev recua após anunciar dividendos
2024-12-12 10:53:00,Reação ao BCE
2024-12-12 11:33:00,Reação ao Varejo
2024-12-12 12:30:00,Reação ao Varejo
2024-12-12 12:45:00,Congresso demonstra esforço concentrado
2024-12-12 14:07:00,Juros futuros disparam
2024-12-12 15:06:00,Mensagem apagada
2024-12-13 09:10:00,Revisões:
2024-12-13 10:16:00,"Em 2025, a R$ 87,3 bi, de R$ 89,6 bi"
2024-12-13 10:45:00,Maiores altas do Ibovespa:
2024-12-13 10:45:00,Maiores baixas do Ibovespa:
2024-12-13 12:57:00,EMPRESAS: Petrobras cai na contramão do petróleo
2024-12-13 13:06:00,Juros dos Treasuries nas máximas
2024-12-13 13:21:00,EMPRESAS: Alta da JBS é acompanhada por pares
2024-12-13 14:46:00,BC anuncia leilão à vista de dolar
2024-12-13 14:50:00,Mensagem apagada
2024-12-13 14:59:00,"BC: Taxa de corte de leilão foi de R$ 6,0200"
2024-12-13 17:02:00,"Na semana, a moeda recuou 0,65%"
2024-12-16 09:02:00,
2024-12-16 09:51:00,"dolar mostra queda de 0,15% após leilão"
2024-12-16 10:42:00,Maiores altas do Ibovespa:
2024-12-16 10:42:00,Maiores baixas do Ibovespa:
2024-12-17 09:07:00,Juros futuros abrem em alta
2024-12-17 09:07:00,"Ibovespa futuro sobe  0,24% (123.740)"
2024-12-17 10:31:00,"Sem automóveis, +0,2%"
2024-12-17 10:41:00,Maiores altas do Ibovespa:
2024-12-17 10:41:00,Maiores baixas do Ibovespa:
2024-12-17 11:27:00,"DXY é estável aos 106,863 pontos (+0,00%)"
2024-12-18 09:05:00,Juros futuros abrem em queda
2024-12-18 09:40:00,Mensagem apagada
2024-12-18 10:41:00,Maiores altas do Ibovespa:
2024-12-18 10:41:00,Maiores baixas do Ibovespa:
2024-12-18 15:12:00,Não falei sobre ratings com S&P
2024-12-18 15:55:00,"Ibovespa cai 2,05%, aos 122.147 pontos"
2024-12-18 15:55:00,"dolar à vista sobe 2,00%, a R$ 6,2181"
2024-12-18 16:00:00,*Fed: Veja a íntegra do comunicado*
2024-12-18 16:11:00,"dolar à vista sobe 2,41%, a R$ 6,2432"
2024-12-18 16:13:00,"indice DXY sobe 0,70%, a 107,699"
2024-12-18 16:30:00,Começa entrevista coletiva de Powell
2024-12-18 16:44:00,"dolar à vista sobe 2,49%, a R$ 6,2477"
2024-12-18 16:46:00,Juros futuros avançam até 52 pb
2024-12-18 16:49:00,MERCADOS: Ouro recua pela 5ª sessão seguida
2024-12-18 17:10:00,"Agora, cai 2,92%, a 121.056 pontos"
2024-12-18 17:44:00,Reação ao Fed
2024-12-18 17:45:00,"Dow Jones -2,61%; S&P500 -2,89%; Nasdaq -3,67%"
2024-12-19 09:07:00,"dolar futuro sobe a R$ 6,2595 (+0,06%)"
2024-12-19 09:07:00,"Ibovespa futuro sobe 0,43% (123.690)"
2024-12-19 09:10:00,Reino Unido: BoE deixa taxas estáveis
2024-12-19 09:13:00,"dolar abre em queda de 0,34%, a R$ 6,2444"
2024-12-19 10:32:00,"Núcleo do PCE no 3TRI +2,2%"
2024-12-19 10:43:00,Maiores altas do Ibovespa:
2024-12-19 10:43:00,Maiores baixas do Ibovespa:
2024-12-19 11:34:00,Tenho certeza que o BC está preparado
2024-12-20 09:03:00,Juros futuros abrem em alta
2024-12-20 09:03:00,"Ibovespa futuro perde 0,34% (122.570)"
2024-12-20 10:32:00,"EUA: renda pessoal +0,3%, de +0,4% previstos"
2024-12-20 10:41:00,Maiores altas do Ibovespa:
2024-12-20 10:41:00,Maiores baixas do Ibovespa:
2024-12-20 13:06:00,"Dow +1,14%; S&P500 +1,06%; Nasdaq +1,04%"
2024-12-20 13:53:00,Congresso promulga PEC do pacote fiscal
2024-12-20 15:59:00,Termina live do BC com Campos Neto
2024-12-20 17:03:00,"Na semana, moeda subiu 0,68%"
2024-12-23 09:06:00,Juros futuros abrem em alta
2024-12-23 09:06:00,"Ibovespa futuro cai 0,41% (123.390)"
2024-12-23 10:41:00,Maiores altas do Ibovespa:
2024-12-23 10:41:00,Maiores baixas do Ibovespa:
2024-12-23 10:55:00,Mensagem apagada
2024-12-23 12:32:00,Mensagem apagada
2024-12-26 09:02:00,Juros futuros abrem em alta
2024-12-26 09:02:00,"Ibovespa futuro cai 0,06% (122.095)"
2024-12-26 10:44:00,Maiores altas do Ibovespa:
2024-12-26 10:44:00,Maiores baixas do Ibovespa:
2024-12-26 14:34:00,"DPMFi sobe 1,71% para R$ 6,863 trilhões"
2024-12-27 09:05:00,Juros futuros sobem
2024-12-27 10:03:00,Mais dados do Caged em novembro:
2024-12-27 10:23:00,Reação ao IPCA-15
2024-12-27 10:27:00,Reação ao IPCA-15
2024-12-27 10:30:00,Reação ao IPCA-15
2024-12-27 10:40:00,Reação ao IPCA-15
2024-12-27 10:41:00,Maiores altas do Ibovespa:
2024-12-27 10:41:00,Maiores baixas do Ibovespa:
2024-12-27 12:09:00,Reação à Pnad
2024-12-27 12:12:00,Reação à Pnad
2024-12-27 12:55:00,Reação ao Caged
2024-12-27 17:02:00,"Na semana, moeda avançou 1,99%"
2024-12-30 10:22:00,Reação ao Déficit Público
2024-12-30 10:40:00,Maiores altas do Ibovespa:
2024-12-30 10:40:00,Maiores baixas do Ibovespa:
2024-12-30 14:06:00,Mensagem apagada
2024-12-30 14:16:00,Juros futuros passam a subir
2025-01-02 09:07:00,Juros futuros abrem em queda
2025-01-02 09:57:00,Mensagem apagada
2025-01-02 10:41:00,Maiores altas do Ibovespa:
2025-01-02 10:41:00,Maiores baixas do Ibovespa:
2025-01-02 13:11:00,"Dow Jones -0,16%; S&P500 -0,01%; Nasdaq +0,03%"
2025-01-02 13:16:00,Juros futuros renovam mínimas
2025-01-02 14:13:00,EUA/Treasuries operam nas máximas do dia
2025-01-03 10:40:00,Maiores altas do Ibovespa:
2025-01-03 10:40:00,Maiores baixas do Ibovespa:
2025-01-03 17:02:00,"Na semana, moeda recuou 0,18%"
2025-01-03 17:43:00,EUA: Treasuries renovam máximas do dia
2025-01-06 09:04:00,juros futuros abrem em queda
2025-01-06 09:04:00,"Ibovespa futuro sobe 0,65% (120.305)"
2025-01-06 10:05:00,"PMI de Serviços, a 51,6, de 53,6"
2025-01-06 10:16:00,Reação aos planos de tarifa de Trump
2025-01-06 10:19:00,Reação aos planos de tarifa de Trump
2025-01-06 10:39:00,Maiores altas do Ibovespa:
2025-01-06 10:39:00,Maiores baixas do Ibovespa:
2025-01-06 11:16:00,Reação ao CPI da Alemanha
2025-01-06 11:46:00,"Serviços, 56,8, de 56,1 (consenso 58,5)"
2025-01-06 12:22:00,Reação aos planos de tarifa de Trump
2025-01-07 09:02:00,Juros futuros abrem em queda
2025-01-07 10:41:00,Maiores altas do Ibovespa:
2025-01-07 10:41:00,Maiores baixas do Ibovespa:
2025-01-07 11:49:00,Mensagem apagada
2025-01-07 12:37:00,Reação à Arrecadação de Novembro
2025-01-07 12:43:00,Reação à Arrecadação de Novembro
2025-01-07 12:57:00,Reação ao  PMI de Serviços dos EUA (ISM)
2025-01-07 13:43:00,EMPRESAS: CVC avança com recuo do dolar
2025-01-07 14:18:00,EUA/Trump: Não seremos gentis com o Hamas
2025-01-07 17:19:00,Bolsas ampliam perdas em NY:
2025-01-07 17:19:00,"Dow Jones -0,51%; S&P500 -1,11%; Nasdaq -1,88%"
2025-01-08 09:03:00,Juros futuros sobem
2025-01-08 09:03:00,"Ibovespa futuro cai 0,39% (121.970)"
2025-01-08 09:23:00,"Dow cai -0,14%; S&P -0,18% e Nasdaq -0,24%"
2025-01-08 10:32:00,Reação à PIM
2025-01-08 10:40:00,Maiores altas do Ibovespa:
2025-01-08 10:40:00,Maiores baixas do Ibovespa:
2025-01-08 13:43:00,Bolsas viram em NY e passam a subir:
2025-01-08 13:43:00,"Dow Jones +0,15%; S&P500 +0,21%; Nasdaq +0,17%"
2025-01-08 16:01:00,Veja a íntegra da Ata do Fed
2025-01-08 17:26:00,Reação à Ata do Fed
2025-01-08 17:30:00,Reação à Ata do Fed
2025-01-09 10:28:00,Reação ao Varejo
2025-01-09 11:40:00,"dolar faz nova mínima a R$ 6,0849 (-0,39%)"
2025-01-09 16:06:00,"T-note de 5 anos cai a 4,4574%, de 4,4601%"
2025-01-10 09:02:00,Juros futuros abrem em alta
2025-01-10 09:02:00,"Ibovespa futuro ganha 0,35% (121.175)"
2025-01-10 10:05:00,Reação ao IPCA
2025-01-10 10:11:00,"dolar faz nova máxima a R$ 6,0687 (+0,45%)"
2025-01-10 10:12:00,Reação ao IPCA
2025-01-10 10:45:00,Reação ao Payroll
2025-01-10 11:07:00,Reação ao Payroll
2025-01-10 11:14:00,Reação ao IPCA
2025-01-10 11:14:00,Reação ao Payroll
2025-01-10 12:14:00,
2025-01-10 12:18:00,
2025-01-10 14:36:00,Maiores altas do Ibovespa:
2025-01-10 14:36:00,Maiores baixas do Ibovespa:
2025-01-10 14:36:00,Fora do índice:
2025-01-10 15:18:00,Japão impõe novas sanções à Rússia
2025-01-10 15:58:00,
2025-01-10 15:59:00,
2025-01-10 17:02:00,"Na semana, moeda caiu 1,29%"
2025-01-13 09:02:00,Juros futuros sobem
2025-01-13 09:02:00,"Ibovespa futuro cai 0,23% (119.800)"
2025-01-13 10:41:00,Maiores altas do Ibovespa:
2025-01-13 10:41:00,Maiores baixas do Ibovespa:
2025-01-13 13:38:00,"Stoxx600 cai 0,49%, para 508,98 pontos"
2025-01-14 09:03:00,Juros futuros sobem
2025-01-14 10:29:00,EMPRESAS: MRV lidera altas após dados do 4TRI
2025-01-14 10:43:00,Maiores altas do Ibovespa:
2025-01-14 10:43:00,Maiores baixas do Ibovespa:
2025-01-14 13:36:00,"Stoxx600 recua 0,07%, para 508,31 pontos"
2025-01-14 16:14:00,"Argentina: Inflação acumulada em 2024 foi de 117,8%"
2025-01-15 16:00:00,Fed: Veja a integra do Livro Bege
2025-01-16 12:37:00,"Ibovespa cai aos 121.329,61 pontos"
2025-01-16 14:17:00,EUA/Bessent: Fomc deve ser independente
2025-01-17 15:46:00,AOVIVO/Haddad: Nao vou ser candidato em 2026
2025-01-20 14:09:00,Donald Trump inicia discurso de posse
2025-01-21 12:24:00,"DOLAR faz nova minima a R$ 6,0341"
2025-01-23 10:57:00,EMPRESAS: GPA cai ap√≥s rebaixamento pelo UBS BB
2025-01-24 10:05:00,Reacao ao IPCA-15
2025-01-24 10:27:00,EMPRESAS: Varejo sobe em bloco em recuo dos DIs
2025-01-24 12:49:00,
2025-01-24 12:52:00,
2025-01-27 13:13:00,EMPRESAS: Weg lidera as baixas do Ibovespa
2025-01-28 10:27:00,"Ibovespa faz minima a 124.322,92 pontos"
2025-01-28 11:27:00,"DOLAR renova minima a R$ 5,8893"
2025-01-28 12:06:00,"DOLAR renova minima a R$ 5,8768"
2025-01-29 10:49:00,"DOLAR sobe a R$ 5,8792"
2025-01-29 16:01:00,Veja a integra do comunicado do Fed:
2025-01-29 16:59:00,S&P rebaixa rating da Azul de CC para SD
2025-01-30 10:03:00,https://youtu.be/klEmLLvJao?t=3
2025-01-30 11:35:00,Encerrada coletiva de Christine Lagarde
2025-01-31 12:05:00,EMPRESAS: Brava lidera altas do Ibovespa
2025-01-31 15:14:00,"Colombia: BC mantem taxa basica de juros em 9,5%"
2025-02-03 11:40:00,EMPRESAS: Vale acompanha pares globais e recua
2025-02-05 10:38:00,EUA: Deficit comercial e o maior desde 2022
2025-02-06 09:03:00,EMPRESAS: Embraer divulga dados do 4TRI de 2024
2025-02-06 09:53:00,"BoE/Bailey: Nao uso a palavra 'estagflacao"""
2025-02-06 10:42:00,Maiores altas do Ibovespa:
2025-02-07 17:23:00,Mercadante: Brasil e mais solucao do que problema
2025-02-10 11:42:00,"EMPRESAS: Embraer recua, com realizacao de lucros"
2025-02-11 09:04:00,"IBGE: IPCA fica em 0,16% ap√≥s 0,52% em dezembro"
2025-02-17 09:08:00,IBC-Br ‚Äî Revissoes do BC
2025-02-17 11:33:00,"Ibovespa avanca aos 129,131,69 pontos"
2025-02-17 16:39:00,EMPRESAS: Vale piora e metalicas operam mistas
2025-02-19 16:01:00,Veja a integra da Ata do Fed:
2025-02-20 11:06:00,Raizen reabre Green Bonds de 12 anos** 
2025-02-20 11:13:00,EMPRESAS: BC autoriza funcionamento do MagaluPay
2025-02-20 11:27:00,
2025-02-21 11:31:00,EMPRESAS: Papeis da B3 recuam ap√≥s balanco
2025-02-21 12:34:00,"Ibovespa cai a 126.760,00 pontos"
2025-02-24 12:24:00,"DOLAR faz nova maxima a R$ 5,7359"
2025-02-24 13:48:00,EMPRESAS: Azul lidera altas ap√≥s balanco do 4TRI
2025-02-26 10:33:00,Mais dados do Caged em janeiro:
2025-02-26 12:26:00,"EMPRESAS: IRB lidera baixas, ap√≥s balanco do 4TRI"
2025-02-26 13:17:00,EMPRESAS: Aereas caem com alta do DOLAR e dos DIs
2025-02-27 10:42:00,EUA:  inflacao acelerou no final de 2024
2025-02-27 16:00:00,EUA/Trump: Ucr√¢nia nao se juntaa√† Otan
2025-02-27 17:21:00,EMPRESAS: Vale recua e contamina Bradespar
2025-02-28 13:00:00,"DOLAR faz nova maxima a R$ 5,8723"
2025-03-05 13:10:00,"Ibovespa futuro sobe 0,05%"
2025-03-05 16:00:00,Fed: Veja a integra do Livro Bege:
2025-03-06 11:35:00,EMPRESAS: Braskem recua ap√≥s relat√≥rio do BTG
2025-03-06 17:24:00,EMPRESAS: Minerva avanca e destoa de seus pares
2025-03-07 09:24:00,"EMPRESAS: Producao da Brava sobe 9,2% em fevereiro"
2025-03-10 09:48:00,"DOLAR sobe a R$ 5,8052"
2025-03-10 16:07:00,"√çndice VIX dispara 23,8%"
2025-03-12 10:58:00,EMPRESAS: Cogna lidera altas do Ibovespa
2025-03-12 14:35:00,"BC: IC-Br cai 4,45% em fevereiro ante janeiro"
2025-03-13 10:16:00,"DXY renova maxima aos 104,077 pontos"
2025-03-14 12:14:00,Lula: Dia 18 vamos anunciar isencao do IR
2025-03-17 09:09:00,IBC-Br: Mais informacsoes Revissoes:
2025-03-17 12:30:00,"DXY caiaminima de 103,316 pontos"
2025-03-19 12:07:00,"DOLAR faz nova minima a R$ 5,6561"
2025-03-19 14:59:00,MERCADOS: Ouro fecha em ligeira alta antes do Fed
2025-03-19 15:02:00,Fed: Veja a integra do comunicado
2025-03-19 15:04:00,Fed: Decisao para manter juros foi un√¢nime
2025-03-19 15:30:00,Comeca entrevista coletiva de Powell
2025-03-20 12:47:00,"DOLAR faz nova maxima a R$ 5,6799"
2025-03-20 17:35:00,MERCADOS: NY tem ligeira queda em dia volatil
2025-03-21 12:23:00,EMPRESAS: Eneva cai 3% ap√≥s balanco do 4TRI
2025-03-25 09:33:00,Haddad encerra fala em evento da Fiesp
2025-03-25 11:04:00,"DOLAR renova minima a R$ 5,7039"
2025-03-25 11:15:00,"Ibovespa sobe 1,11%"
2025-03-25 13:31:00,EMPRESAS: Casas Bahia lidera altas da bolsa
2025-03-26 13:33:00,EMPRESAS: GPA registra alta de mais de 3%*
2025-03-28 14:37:00,Mais dados do Caged em fevereiro:
2025-04-01 11:05:00,EUA/ISM: Atividade fabril voltaacontracao
2025-04-01 16:20:00,MERCADOS: Petroleo recua com temor sobre tarifas
2025-04-11 09:12:00,IBC-Br: Mais informacsoes
2025-04-11 09:41:00,IBC-Br: Revissoes
2025-04-14 13:59:00,Argentina: Milei diz que nao existe DOLAR oficial
2025-04-17 10:57:00,"EMPRESAS: Rede D‚ÄôOr cai, mesmo ap√≥s venda de GHS"
2025-04-22 10:07:00,"Ibovespa cai aos 129.446,65 pontos"
2025-04-23 15:05:00,Fed: Veja a integra do Livro Bege
2025-04-25 15:56:00,]
2025-04-28 09:53:00,"DOLAR faz nova minima a R$ 5,6732"
2025-04-29 11:45:00,"Ibovespa faz maxima a 136.059,48 pontos"
2025-04-30 09:24:00,Galipolo inicia fala no LiFT Day
2025-04-30 09:33:00,Galipolo encerra fala e inicia o evento
2025-04-30 10:12:00,"DOLAR sobe ante o real a R$ 5,6558"
2025-04-30 14:39:00,Mais dados do Caged em marco:
2025-05-02 11:52:00,EMPRESAS: Varejo cai com a alta dos juros futuros
2025-05-05 14:37:00,EMPRESAS: Frigorificos lideram baixas do Ibovespa
2025-05-06 11:39:00,EMPRESAS: GPA amplia perdas e lidera baixas da B3
2025-05-07 09:54:00,"DOLAR faz nova maxima a R$ 5,7280"
2025-05-07 15:01:00,Fed: Veja a integra do comunicado:
2025-05-07 15:03:00,"BC: IC-Br cai 0,83% em abril"
2025-05-07 15:22:00,
2025-05-07 16:18:00,Termina entrevista coletiva de Powell
2025-05-08 12:17:00,Trump: Estamos muito perto de varios acordos
2025-05-08 12:23:00,Trump: Gostaria de ver a China aberta
2025-05-08 12:37:00,Trump: Devo falar com Xi neste fim de semana
2025-05-08 14:20:00,Prevost tem 69 anos e nasceu em Chicago
2025-05-09 12:49:00,Paquistao volta a atacar norte da √çndia
2025-05-12 11:58:00,Trump encerra fala na Casa Branca
2025-05-15 13:00:00,EMPRESAS: Frigorificos sobem em bloco nesta tarde
2025-05-20 17:31:00,MERCADOS: Bolsas de NY precificam riscos fiscais
2025-05-21 12:46:00,EMPRESAS: Petrobras segue Petroleo e passa a cair
2025-05-22 12:22:00,"Ibovespa sobe aos 137.976,28 pontos"
2025-05-22 12:24:00,"DOLAR faz nova minima a R$ 5,6225"
2025-05-28 15:01:00,Veja a integra da Ata do Fed
2025-05-28 15:43:00,Mais dados do Caged em abril:
2025-05-30 11:31:00,"DOLAR renova maxima a R$ 5,7240"
2025-06-03 09:25:00,Lula concede coletiva √†s 10h
2025-06-03 11:45:00,AO/VIVO/Lula: Nao sei se vouareuniao do G7
2025-06-04 10:04:00,"√çndice do DOLAR cai a 98,966 pontos"
2025-06-04 14:50:00,"BC: IC-Br cai 1,03% em maio"
2025-06-04 15:01:00,Fed: Veja a integra do Livro Bege
2025-06-06 19:01:00,Encerramento das transmiss√µes
2025-06-09 01:59:00,(Rosa Riscala)
2025-06-09 07:00:00,"Manchetes desta 2aF, 09/06/2025"
2025-06-09 07:00:00,VALOR
2025-06-09 07:00:00,GLOBO
2025-06-09 07:00:00,FOLHA
2025-06-09 07:00:00,ESTAD√ÉO
2025-06-09 07:00:00,Indicadores
2025-06-09 07:00:00,Eventos
2025-06-09 07:01:00,Clique
2025-06-09 09:03:00,Juros futuros abrem em queda
2025-06-09 09:45:00,(Ana Katia)
2025-06-09 10:46:00,Maiores altas do Ibovespa:
2025-06-09 10:46:00,Gerdau
2025-06-09 10:46:00,Metal√∫rgica Gerdau
2025-06-09 10:46:00,Embraer
2025-06-09 10:46:00,Maiores baixas do Ibovespa:
2025-06-09 10:46:00,RD Sa√∫de
2025-06-09 10:46:00,Ra√≠zen
2025-06-09 10:46:00,Vamos
2025-06-09 10:46:00,Fora do indice:
2025-06-09 10:46:00,Gol
2025-06-09 12:03:00,(Ana Katia)
2025-06-09 12:59:00,"Zhiwei Zhang, Pinpoint Asset Management:"
2025-06-09 12:59:00,"Josh Lipsky, Atlantic Council:"
2025-06-09 14:14:00,Globo
2025-06-09 14:14:00,(Rosa Riscala)
2025-06-09 15:10:00,(BDM Online)
2025-06-09 15:30:00,"Super√°vit no ano est√° em US$ 26,412 bi"
2025-06-09 16:24:00,(BDM Online)
2025-06-09 17:06:00,"T-Bond de 30 anos cai a 4,951%, de 4,965%"
2025-06-09 17:15:00,"Volume financeiro somou R$ 19,7 bilh√µes"
2025-06-09 17:53:00,(M√°rcio Anaya)
2025-06-10 01:07:00,(Rosa Riscala)
2025-06-10 07:00:00,"Manchetes desta 3¬™F, 10/06/2025"
2025-06-10 07:00:00,VALOR
2025-06-10 07:00:00,GLOBO
2025-06-10 07:00:00,FOLHA
2025-06-10 07:00:00,ESTAD√ÉO
2025-06-10 07:01:00,Indicadores
2025-06-10 07:01:00,Eventos
2025-06-10 07:01:00,Clique
2025-06-10 07:02:00,"Nikkei 225:  +0,30%"
2025-06-10 07:02:00,"Hang Seng: -0,08%"
2025-06-10 07:02:00,"Kospi:  0,56%"
2025-06-10 07:02:00,"Taiex: +2,07%"
2025-06-10 07:02:00,"Xangai: -0,44%"
2025-06-10 07:02:00,"Shenzhen: -0,86%"
2025-06-10 07:04:00,Veja como ficaram os indices:
2025-06-10 08:26:00,Clique
2025-06-10 09:04:00,"Ano a ano, +5,32%, de +5,53%"
2025-06-10 09:04:00,Veja a nota completa do IBGE
2025-06-10 09:05:00,Siga pelo Youtube
2025-06-10 09:07:00,Juros futuros abrem em queda
2025-06-10 09:07:00,"Ibovespa futuro sobe 0,52% (137.005)"
2025-06-10 09:31:00,"Valor equivale a R$ 0,0663 por a√ß√£o"
2025-06-10 09:54:00,(Ana Katia)
2025-06-10 10:07:00,Valor
2025-06-10 10:14:00,Rea√ß√£o ao IPCA
2025-06-10 10:16:00,Bradesco PN:
2025-06-10 10:16:00,Ita√∫:
2025-06-10 10:16:00,Petrobras ON:
2025-06-10 10:16:00,Petrobras PN:
2025-06-10 10:16:00,Vale:
2025-06-10 10:20:00,Rea√ß√£o ao IPCA
2025-06-10 10:42:00,Maiores altas do Ibovespa:
2025-06-10 10:42:00,Minerva
2025-06-10 10:42:00,Vamos
2025-06-10 10:42:00,Vivara
2025-06-10 10:42:00,Maiores baixas do Ibovespa:
2025-06-10 10:42:00,RD Sa√∫de
2025-06-10 10:42:00,Banco do Brasil
2025-06-10 10:42:00,Klabin
2025-06-10 10:42:00,Fora do indice:
2025-06-10 10:42:00,Gol
2025-06-10 11:03:00,Siga
2025-06-10 11:58:00,(Ana Katia)
2025-06-10 14:59:00,(BDM Online)
2025-06-10 16:14:00,(BDM Online)
2025-06-10 17:06:00,"T-Bond de 30 anos cai a 4,933%, de 4,943%"
2025-06-10 17:16:00,"Volume financeiro somou R$ 20,5 bilh√µes"
2025-06-10 17:37:00,(M√°rcio Anaya)
2025-06-11 00:51:00,(Rosa Riscala)
2025-06-11 07:00:00,"Manchetes desta 4¬™F, 11/06/2025"
2025-06-11 07:00:00,VALOR
2025-06-11 07:00:00,GLOBO
2025-06-11 07:00:00,FOLHA
2025-06-11 07:00:00,ESTAD√ÉO
2025-06-11 07:00:00,Indicadores
2025-06-11 07:00:00,Eventos
2025-06-11 07:01:00,Clique
2025-06-11 07:02:00,SORRY BOSS
2025-06-11 08:22:00,Siga
2025-06-11 09:07:00,Juros futuros abrem perto do ajuste
2025-06-11 09:07:00,"Ibovespa futuro cai 0,64% (136.230)"
2025-06-11 09:47:00,(Ana Katia)
2025-06-11 09:51:00,Rea√ß√£o ao CPI dos EUA
2025-06-11 09:53:00,Rea√ß√£o ao CPI dos EUA
2025-06-11 10:16:00,Bradesco PN:
2025-06-11 10:16:00,Ita√∫:
2025-06-11 10:16:00,Petrobras ON:
2025-06-11 10:16:00,Petrobras PN:
2025-06-11 10:16:00,Vale:
2025-06-11 10:27:00,"E AGORA, POWELL?"
2025-06-11 10:27:00,(Ana Katia)
2025-06-11 10:33:00,Siga
2025-06-11 10:41:00,Maiores altas do Ibovespa:
2025-06-11 10:41:00,Santander
2025-06-11 10:41:00,TIM
2025-06-11 10:41:00,Petrobras PN
2025-06-11 10:41:00,Maiores baixas do Ibovespa:
2025-06-11 10:41:00,Gerdau
2025-06-11 10:41:00,Cogna
2025-06-11 10:41:00,Metal√∫rgica Gerdau
2025-06-11 10:41:00,Fora do indice:
2025-06-11 10:41:00,Gol
2025-06-11 10:46:00,Bloomberg
2025-06-11 11:17:00,"T√Å BOM, MAS PRECISA MAIS."
2025-06-11 11:36:00,"Em Cushing, estoques ca√≠ram 403 mil"
2025-06-11 12:13:00,(Ana Katia)
2025-06-11 14:57:00,(BDM Online)
2025-06-11 15:01:00,Bloomberg
2025-06-11 16:14:00,(BDM Online)
2025-06-11 17:06:00,"T-Bond de 30 anos cai a 4,914%, de 4,932%"
2025-06-11 17:16:00,"Volume financeiro somou R$ 21,4 bilh√µes"
2025-06-11 17:33:00,(M√°rcio Anaya)
2025-06-11 21:18:00,Tributa√ß√£o de 5% sobre LCI e LCA
2025-06-12 00:23:00,(Rosa Riscala)
2025-06-12 07:00:00,"Manchetes desta 5¬™F, 12/06/2025"
2025-06-12 07:00:00,VALOR
2025-06-12 07:00:00,GLOBO
2025-06-12 07:00:00,FOLHA
2025-06-12 07:00:00,ESTAD√ÉO
2025-06-12 07:00:00,Indicadores
2025-06-12 07:00:00,Eventos
2025-06-12 07:01:00,Clique
2025-06-12 07:41:00,AINDA PIOR.
2025-06-12 09:05:00,Juros futuros abrem em queda
2025-06-12 09:05:00,"Ibovespa futuro cai 0,54% (136.635)"
2025-06-12 10:16:00,(Ana Katia)
2025-06-12 10:20:00,Bradesco PN:
2025-06-12 10:20:00,Ita√∫:
2025-06-12 10:20:00,Petrobras ON:
2025-06-12 10:20:00,Petrobras PN:
2025-06-12 10:20:00,Vale:
2025-06-12 10:40:00,Maiores altas do Ibovespa:
2025-06-12 10:40:00,BTG
2025-06-12 10:40:00,Marcopolo
2025-06-12 10:40:00,Fleury
2025-06-12 10:40:00,Maiores baixas do Ibovespa:
2025-06-12 10:40:00,Brava Energia
2025-06-12 10:40:00,Magazine Luiza
2025-06-12 10:40:00,Petrorec√¥ncavo
2025-06-12 10:40:00,Fora do indice:
2025-06-12 10:40:00,Movida
2025-06-12 12:09:00,Hugo Motta no X:
2025-06-12 12:22:00,(Ana Katia)
2025-06-12 12:41:00,JOGO PESADO.
2025-06-12 12:41:00,(Rosa Riscala)
2025-06-12 12:53:00,J√° Gol PN passa de GOLL4 para GOLL54
2025-06-12 13:09:00,"Taxa Ptax fecha est√°vel, a R$ 5,5388"
2025-06-12 15:12:00,(BDM Online)
2025-06-12 16:11:00,(BDM Online)
2025-06-12 17:05:00,"T-Bond de 30 anos cai a 4,839%, de 4,920%"
2025-06-12 17:29:00,(M√°rcio Anaya)
2025-06-13 00:34:00,(Rosa Riscala)
2025-06-13 07:01:00,"Manchetes desta 6¬™F, 13/06/2025"
2025-06-13 07:01:00,VALOR
2025-06-13 07:01:00,GLOBO
2025-06-13 07:01:00,FOLHA
2025-06-13 07:01:00,ESTAD√ÉO
2025-06-13 07:02:00,Indicadores
2025-06-13 07:02:00,Eventos
2025-06-13 07:03:00,Clique
2025-06-13 08:30:00,H√° mais por vir
2025-06-13 09:03:00,Juros futuros sobem
2025-06-13 09:03:00,"Ibovespa futuro cai  0,55% (137.380)"
2025-06-13 09:45:00,(Ana Katia)
2025-06-13 10:16:00,Bradesco PN:
2025-06-13 10:16:00,Ita√∫:
2025-06-13 10:16:00,Petrobras ON:
2025-06-13 10:16:00,Petrobras PN:
2025-06-13 10:16:00,Vale:
2025-06-13 10:41:00,Maiores altas do Ibovespa:
2025-06-13 10:41:00,Petrobras ON
2025-06-13 10:41:00,Brava Energia
2025-06-13 10:41:00,Petrobras PN
2025-06-13 10:41:00,Maiores baixas do Ibovespa:
2025-06-13 10:41:00,Magazine Luiza
2025-06-13 10:41:00,CVC
2025-06-13 10:41:00,Minerva
2025-06-13 12:11:00,(Ana Katia)
2025-06-13 13:47:00,Israel faz novos ataques contra o Ir√£
2025-06-13 15:05:00,(BDM Online)
2025-06-13 16:04:00,(BDM Online)
2025-06-13 17:02:00,"Na semana, moeda caiu 0,50%"
2025-06-13 17:07:00,"T-note de 10 anos sobe a 4,415%, de 4,368%"
2025-06-13 17:07:00,"T-Bond de 30 anos vai a 4,909%, de 4,848%"
2025-06-13 17:16:00,"Volume financeiro somou R$ 22,6 bilh√µes"
2025-06-13 17:16:00,"Na semana, indice subiu 0,82%"
2025-06-13 17:32:00,(M√°rcio Anaya)
2025-06-13 19:00:00,Encerramento das transmiss√µes
2025-06-16 07:01:00,"Manchetes desta 2aF, 16/06/2025"
2025-06-16 07:01:00,VALOR
2025-06-16 07:01:00,GLOBO
2025-06-16 07:01:00,FOLHA
2025-06-16 07:01:00,ESTAD√ÉO
2025-06-16 07:03:00,Indicadores
2025-06-16 07:03:00,Eventos
2025-06-16 07:05:00,Clique
2025-06-16 09:03:00,Juros futuros abrem em queda
2025-06-16 10:03:00,(Ana Katia)
2025-06-16 10:14:00,Bradesco PN:
2025-06-16 10:14:00,Ita√∫:
2025-06-16 10:14:00,Petrobras ON:
2025-06-16 10:14:00,Petrobras PN:
2025-06-16 10:14:00,Vale:
2025-06-16 10:43:00,Maiores altas do Ibovespa:
2025-06-16 10:43:00,Vamos
2025-06-16 10:43:00,Magazine Luiza
2025-06-16 10:43:00,Embraer
2025-06-16 10:43:00,Maiores baixas do Ibovespa:
2025-06-16 10:43:00,S√£o Martinho
2025-06-16 10:43:00,CPFL
2025-06-16 10:43:00,Santos Brasil
2025-06-16 10:43:00,Fora do indice:
2025-06-16 10:43:00,Americanas
2025-06-16 10:43:00,Azul
2025-06-16 11:12:00,EMPRESAS: Frigor√≠ficos sobem majoritariamente
2025-06-16 11:58:00,(Ana Katia)
2025-06-16 13:24:00,UOL
2025-06-16 14:55:00,(BDM Online)
2025-06-16 15:43:00,Valor
2025-06-16 16:03:00,(BDM Online)
2025-06-16 17:05:00,"T-note de 10 anos sobe a 4,460%, de 4,406%"
2025-06-16 17:05:00,"T-Bond de 30 anos vai a 4,966%, de 4,903%"
2025-06-16 17:13:00,"Volume financeiro somou R$ 22,0 bilh√µes"
2025-06-16 17:27:00,(M√°rcio Anaya)
2025-06-17 00:39:00,"Jap√£o: BC mant√©m juro em 0,5%"
2025-06-17 01:16:00,(Rosa Riscala)
2025-06-17 07:00:00,"Manchetes desta 3¬™F, 17/06/2025"
2025-06-17 07:00:00,VALOR
2025-06-17 07:00:00,GLOBO
2025-06-17 07:00:00,FOLHA
2025-06-17 07:00:00,ESTAD√ÉO
2025-06-17 07:00:00,Indicadores
2025-06-17 07:00:00,Eventos
2025-06-17 07:01:00,Veja como os indices:
2025-06-17 09:02:00,Juros futuros sobem
2025-06-17 09:29:00,(Ana Katia)
2025-06-17 10:26:00,Bradesco PN:
2025-06-17 10:26:00,Ita√∫:
2025-06-17 10:26:00,Petrobras ON:
2025-06-17 10:26:00,Petrobras PN:
2025-06-17 10:26:00,Vale:
2025-06-17 10:43:00,Maiores altas do Ibovespa:
2025-06-17 10:43:00,Petrorec√¥ncavo
2025-06-17 10:43:00,Petrobras ON
2025-06-17 10:43:00,MRV
2025-06-17 10:43:00,Maiores baixas do Ibovespa:
2025-06-17 10:43:00,Usiminas
2025-06-17 10:43:00,Marfrig
2025-06-17 10:43:00,Magazine Luiza
2025-06-17 12:02:00,(Ana Katia)
2025-06-17 14:07:00,"Dow Jones -0,34%; S&P500 -0,50%; Nasdaq -0,61%"
2025-06-17 14:45:00,(BDM Online)
2025-06-17 15:59:00,(BDM Online)
2025-06-17 17:05:00,"T-Bond de 30 anos cai a 4,895%, de 4,978%"
2025-06-17 17:13:00,"Volume financeiro somou R$ 22,6 bilh√µes"
2025-06-17 17:21:00,(M√°rcio Anaya)
2025-06-17 18:07:00,NOVA AMEA√áA AO FISCAL.
2025-06-17 18:07:00,(Rosa Riscala)
2025-06-18 00:31:00,BDM Morning Call: Guerra na superquarta
2025-06-18 00:31:00,(Rosa Riscala)
2025-06-18 07:00:00,"Manchetes desta 4¬™F, 18/06/2025"
2025-06-18 07:00:00,VALOR
2025-06-18 07:00:00,GLOBO
2025-06-18 07:00:00,FOLHA
2025-06-18 07:00:00,ESTAD√ÉO
2025-06-18 07:01:00,Indicadores
2025-06-18 07:01:00,Eventos
2025-06-18 07:02:00,Clique
2025-06-18 07:07:00,Veja a entrevista completa
2025-06-18 09:05:00,"Ibovespa futuro  cai 0,12% (138.740)"
2025-06-18 09:15:00,Wall Street Journal
2025-06-18 09:30:00,(Ana Katia)
2025-06-18 10:15:00,Bradesco PN:
2025-06-18 10:15:00,Ita√∫:
2025-06-18 10:15:00,Petrobras ON:
2025-06-18 10:15:00,Petrobras PN:
2025-06-18 10:15:00,Vale:
2025-06-18 10:17:00,"Dolar faz nova m√≠nima a R$ 5,4756 (-0,39%)"
2025-06-18 10:39:00,Maiores altas do Ibovespa:
2025-06-18 10:39:00,Embraer
2025-06-18 10:39:00,RD Sa√∫de
2025-06-18 10:39:00,Vamos
2025-06-18 10:39:00,Maiores baixas do Ibovespa:
2025-06-18 10:39:00,Marfrig
2025-06-18 10:39:00,Cogna
2025-06-18 10:39:00,BRF
2025-06-18 11:21:00,Veja a mat√©ria completa na CNN
2025-06-18 12:02:00,(Ana Katia)
2025-06-18 14:03:00,Ir√£: Dois avi√µes do governo pousam em Om√£
2025-06-18 15:01:00,Veja a √≠ntegra do comunicado do Fed:
2025-06-18 15:15:00,"Dow Jones +0,25%; S&P500 +0,28%; Nasdaq +0,35%"
2025-06-18 15:19:00,(BDM Online)
2025-06-18 15:35:00,"Powell: Infla√ß√£o caiu, mas est√° acima da meta"
2025-06-18 15:43:00,"Dow Jones +0,46%; S&P500 +0,50%; Nasdaq +0,61%"
2025-06-18 15:58:00,"Ibovespa acompanha: -0,13% (138.656)"
2025-06-18 16:02:00,(BDM Online)
2025-06-18 16:08:00,"Ibovespa cai 0,12% (136.678)"
2025-06-18 16:16:00,Nenhum outro novo caso surgiu no pa√≠s
2025-06-18 16:30:00,"Dow Jones -0,19%; S&P500 -0,12%; Nasdaq -0,01%"
2025-06-18 17:05:00,"T-note de 10 anos sobe a 4,393%, de 4,388%"
2025-06-18 17:05:00,"T-Bond de 30 anos cai a 4,888%, de 4,893%"
2025-06-18 17:29:00,(M√°rcio Anaya)
2025-06-18 18:03:00,O Globo
2025-06-18 18:33:00,"Copom eleva Selic em 0,25 pp, para 15%"
2025-06-18 18:33:00,Veja a √≠ntegra do comunicado do Copom:
2025-06-18 18:34:00,Copom: decis√£o sobre Selic foi un√¢nime
2025-06-18 18:45:00,Valor
2025-06-18 18:48:00,"ENCERROU, MAS AMEA√áOU."
2025-06-18 19:02:00,Encerramento das transmiss√µes
2025-06-20 00:04:00,(Rosa Riscala)
2025-06-20 07:00:00,"Manchetes desta 6¬™F, 20/06/2025"
2025-06-20 07:00:00,VALOR
2025-06-20 07:00:00,GLOBO
2025-06-20 07:00:00,FOLHA
2025-06-20 07:00:00,ESTAD√ÉO
2025-06-20 07:00:00,Indicadores
2025-06-20 07:00:00,Eventos
2025-06-20 07:01:00,Clique
2025-06-20 09:56:00,(Ana Katia)
2025-06-20 10:15:00,Bradesco PN:
2025-06-20 10:15:00,Ita√∫:
2025-06-20 10:15:00,Petrobras ON:
2025-06-20 10:15:00,Petrobras PN:
2025-06-20 10:15:00,Vale:
2025-06-20 10:37:00,Maiores altas do Ibovespa:
2025-06-20 10:37:00,S√£o Martinho
2025-06-20 10:37:00,Natura
2025-06-20 10:37:00,Telef√¥nica
2025-06-20 10:37:00,Maiores baixas do Ibovespa:
2025-06-20 10:37:00,Vamos
2025-06-20 10:37:00,Cosan
2025-06-20 10:37:00,Magazine Luiza
2025-06-20 12:18:00,(Ana Katia)
2025-06-20 12:24:00,Confira relat√≥rio completo
2025-06-20 14:48:00,"EMPRESAS: Papeis c√≠clicos caem, ap√≥s alta da Selic"
2025-06-20 14:55:00,(BDM Online)
2025-06-20 16:12:00,(BDM Online)
2025-06-20 17:02:00,"Na semana, moeda caiu 0,30%"
2025-06-20 17:04:00,"T-Bond de 30 anos sobe a 4,894%, de 4,893%"
2025-06-20 17:17:00,"Volume financeiro somou R$ 31,0 bilh√µes"
2025-06-20 17:17:00,"Na semana, indice recuou 0,07%"
2025-06-20 17:29:00,(M√°rcio Anaya)
2025-06-20 19:01:00,Encerramento das transmiss√µes
2025-06-21 21:02:00,PLANT√ÉO: EUA ATACAM O IR√É
2025-06-22 23:37:00,(Rosa Riscala)
2025-06-23 07:00:00,"Manchetes desta 2aF, 23/06/2025"
2025-06-23 07:00:00,VALOR
2025-06-23 07:00:00,GLOBO
2025-06-23 07:00:00,FOLHA
2025-06-23 07:00:00,ESTAD√ÉO
2025-06-23 07:01:00,Agenda: Indicadores de atividade e Ir√£ no foco
2025-06-23 07:01:00,Indicadores
2025-06-23 07:01:00,Eventos
2025-06-23 07:01:00,Clique
2025-06-23 07:02:00,Fran√ßa
2025-06-23 07:02:00,Alemanha
2025-06-23 07:02:00,Reino Unido
2025-06-23 07:02:00,Zona do Euro
2025-06-23 07:03:00,Reuters
2025-06-23 09:03:00,Juros futuros abrem em alta
2025-06-23 09:31:00,(Ana Katia)
2025-06-23 10:13:00,Bradesco PN:
2025-06-23 10:13:00,Ita√∫:
2025-06-23 10:13:00,Petrobras ON:
2025-06-23 10:13:00,Petrobras PN:
2025-06-23 10:13:00,Vale:
2025-06-23 10:40:00,Maiores altas do Ibovespa:
2025-06-23 10:40:00,Petz
2025-06-23 10:40:00,Marfrig
2025-06-23 10:40:00,Petrorec√¥ncavo
2025-06-23 10:40:00,Maiores baixas do Ibovespa:
2025-06-23 10:40:00,Assa√≠
2025-06-23 10:40:00,Vamos
2025-06-23 10:40:00,IRB
2025-06-23 12:00:00,(Ana Katia)
2025-06-23 13:36:00,Bolsas viram e caem em NY
2025-06-23 13:36:00,"Dow Jones -0,36%; S&P500 -0,24%; Nasdaq -0,37%"
2025-06-23 13:47:00,"Explos√µes s√£o ouvidas em Doha, no Catar"
2025-06-23 13:48:00,"Dow Jones -0,07%; S&P500 +0,07%; Nasdaq +0,07%"
2025-06-23 14:35:00,POR QUE O PETR√ìLEO DESPENCA?
2025-06-23 14:37:00,Queda do petr√≥leo j√° chega a 5%
2025-06-23 15:06:00,(BDM Online)
2025-06-23 15:21:00,"""Incerteza atual √© desconcertante"""
2025-06-23 16:06:00,(BDM Online)
2025-06-23 17:20:00,"Volume financeiro somou R$ 20,4 bilh√µes"
2025-06-23 17:21:00,(M√°rcio Anaya)
2025-06-23 22:35:00,Confira a publica√ß√£o:
2025-06-24 01:14:00,(Rosa Riscala)
2025-06-24 07:00:00,"Manchetes desta 3¬™F, 24/06/2025"
2025-06-24 07:00:00,VALOR
2025-06-24 07:00:00,GLOBO
2025-06-24 07:00:00,FOLHA
2025-06-24 07:00:00,ESTAD√ÉO
2025-06-24 07:00:00,Indicadores
2025-06-24 07:00:00,Eventos
2025-06-24 07:01:00,Clique
2025-06-24 08:10:00,Veja a √≠ntegra
2025-06-24 08:12:00,BC/ Ata:
2025-06-24 08:14:00,BC/Ata:
2025-06-24 08:15:00,BC/Ata:
2025-06-24 08:16:00,BC/Ata:
2025-06-24 08:18:00,BC/Ata:
2025-06-24 08:19:00,BC/Ata:
2025-06-24 08:20:00,BC/Ata:
2025-06-24 09:03:00,Juros futuros abrem em queda
2025-06-24 09:03:00,"Ibovespa futuro  sobe 0,37% (139.710)"
2025-06-24 09:42:00,(Ana Katia)
2025-06-24 10:39:00,Maiores baixas do Ibovespa:
2025-06-24 10:39:00,Brava Energia
2025-06-24 10:39:00,Petrobras ON
2025-06-24 10:39:00,Cemig
2025-06-24 10:39:00,Fora do indice:
2025-06-24 10:39:00,Gol PN
2025-06-24 11:23:00,Fed/Powell: Os EUA n√£o est√£o em recess√£o
2025-06-24 11:36:00,Rea√ß√£o a Ata do Copom:
2025-06-24 12:28:00,(Ana Katia)
2025-06-24 14:53:00,(BDM Online)
2025-06-24 15:59:00,(BDM Online)
2025-06-24 17:11:00,"Volume financeiro somou R$ 21,2 bilh√µes"
2025-06-24 17:21:00,(M√°rcio Anaya)
2025-06-24 18:29:00,Est√£o previstas oito reuni√µes:
2025-06-25 00:23:00,(Rosa Riscala)
2025-06-25 07:00:00,"Manchetes desta 4¬™F, 25/06/2025"
2025-06-25 07:00:00,VALOR
2025-06-25 07:00:00,GLOBO
2025-06-25 07:00:00,FOLHA
2025-06-25 07:00:00,ESTAD√ÉO
2025-06-25 07:00:00,Indicadores
2025-06-25 07:00:00,Eventos
2025-06-25 07:01:00,Clique
2025-06-25 07:02:00,Veja como os indices:
2025-06-25 07:03:00,CNN
2025-06-25 07:03:00,New York Times
2025-06-25 08:23:00,√çndice de Confian√ßa da Constru√ß√£o
2025-06-25 08:35:00,Leia nota completa do setor externo
2025-06-25 09:04:00,Juros futuros abrem em alta
2025-06-25 09:04:00,"Ibovespa futuro a 138.985 pontos (-0,20%)"
2025-06-25 10:17:00,Bradesco PN:
2025-06-25 10:17:00,Ita√∫:
2025-06-25 10:17:00,Petrobras ON:
2025-06-25 10:37:00,Maiores altas do Ibovespa:
2025-06-25 10:37:00,RD Sa√∫de
2025-06-25 10:37:00,Minerva
2025-06-25 10:37:00,S√£o Martinho
2025-06-25 10:37:00,Maiores baixas do Ibovespa:
2025-06-25 10:37:00,CSN
2025-06-25 10:37:00,Usiminas
2025-06-25 10:37:00,BRF
2025-06-25 11:05:00,Siga pelo Youtube
2025-06-25 11:19:00,Ir√£ tem √≥timo petr√≥leo
2025-06-25 11:20:00,Trump: N√£o vamos desistir das san√ß√µes ao Ir√£
2025-06-25 11:23:00,Considero Putin uma pessoa equivocada
2025-06-25 11:35:00,"Em Cushing, estoques ca√≠ram 464 mil"
2025-06-25 12:05:00,MERCADOS: Ibovespa cai por cautela com o fiscal
2025-06-25 12:05:00,(Ana Katia)
2025-06-25 12:09:00,Veja no Youtube
2025-06-25 12:58:00,Esse Pa√≠s vai crescer
2025-06-25 14:47:00,(BDM Online)
2025-06-25 16:01:00,(BDM Online)
2025-06-25 17:21:00,(M√°rcio Anaya)
2025-06-26 01:25:00,(Rosa Riscala)
2025-06-26 07:00:00,"Manchetes desta 5¬™F, 26/06/2025"
2025-06-26 07:00:00,VALOR
2025-06-26 07:00:00,GLOBO
2025-06-26 07:00:00,FOLHA
2025-06-26 07:00:00,ESTAD√ÉO
2025-06-26 07:01:00,Indicadores
2025-06-26 07:01:00,Eventos
2025-06-26 07:02:00,Clique
2025-06-26 07:05:00,Globo
2025-06-26 07:05:00,Miriam Leit√£o
2025-06-26 07:05:00,Veja a coluna no Globo
2025-06-26 08:02:00,√≠ntegra
2025-06-26 08:09:00,BC/RPM ‚Äî Sum√°rio Executivo
2025-06-26 09:03:00,Adriana Fernandes
2025-06-26 09:03:00,Bruno Boghosian
2025-06-26 09:03:00,Camila Mattoso
2025-06-26 09:27:00,Juros futuros recuam
2025-06-26 09:27:00,"Ibovespa futuro sobe 0,32% (138.625)"
2025-06-26 10:10:00,(Ana Katia)
2025-06-26 10:19:00,Bradesco PN:
2025-06-26 10:19:00,Ita√∫:
2025-06-26 10:19:00,Petrobras ON:
2025-06-26 10:19:00,Petrobras PN:
2025-06-26 10:19:00,Vale:
2025-06-26 10:42:00,Maiores altas do Ibovespa:
2025-06-26 10:42:00,CSN
2025-06-26 10:42:00,MRV
2025-06-26 10:42:00,Azzas 2154
2025-06-26 10:42:00,Maiores baixas do Ibovespa:
2025-06-26 10:42:00,Localiza
2025-06-26 10:42:00,Vamos
2025-06-26 10:42:00,Vibra Energia
2025-06-26 10:42:00,Fora do indice:
2025-06-26 10:42:00,Gol PN
2025-06-26 11:03:00,Siga a coletiva pelo Youtube
2025-06-26 11:55:00,(Ana Katia)
2025-06-26 12:56:00,"Existem v√°rias trajet√≥rias, sim"
2025-06-26 16:03:00,(BDM Online)
2025-06-26 17:17:00,"Volume financeiro somou R$ 21,9 bilh√µes"
2025-06-26 17:22:00,(M√°rcio Anaya)
2025-06-26 17:42:00,"Ganho equivale a US$ 0,14 por a√ß√£o"
2025-06-27 01:57:00,(Rosa Riscala)
2025-06-27 07:00:00,"Manchetes desta 6¬™F, 27/06/2025"
2025-06-27 07:00:00,VALOR
2025-06-27 07:00:00,GLOBO
2025-06-27 07:00:00,FOLHA
2025-06-27 07:00:00,ESTAD√ÉO
2025-06-27 07:00:00,"Agenda: Semana termina com PCE, Pnad e Haddad"
2025-06-27 07:00:00,Indicadores
2025-06-27 07:00:00,Eventos
2025-06-27 07:01:00,Clique
2025-06-27 08:43:00,Veja a nota completa do BC
2025-06-27 08:54:00,N√£o queremos nos separar da China
2025-06-27 09:02:00,Veja a nota completa do IBGE
2025-06-27 09:04:00,"Ibovespa futuro sobe 0,02% (139.280)"
2025-06-27 09:24:00,(Ana Katia)
2025-06-27 10:24:00,Bradesco PN:
2025-06-27 10:24:00,Ita√∫:
2025-06-27 10:24:00,Petrobras ON:
2025-06-27 10:24:00,Petrobras PN:
2025-06-27 10:24:00,Vale:
2025-06-27 10:38:00,Maiores altas do Ibovespa:
2025-06-27 10:38:00,Engie
2025-06-27 10:38:00,Vamos
2025-06-27 10:38:00,Localiza
2025-06-27 10:38:00,Maiores baixas do Ibovespa:
2025-06-27 10:38:00,BRF
2025-06-27 10:38:00,Totvs
2025-06-27 10:38:00,Natura
2025-06-27 10:38:00,Fora do indice:
2025-06-27 10:38:00,OI PN
2025-06-27 11:34:00,Infla√ß√£o hoje √© mais demanda
2025-06-27 11:34:00,Sobre expectativas est√£o desancoradas
2025-06-27 11:35:00,Infla√ß√£o hoje √© mais demanda
2025-06-27 11:35:00,Sobre expectativas est√£o desancoradas
2025-06-27 11:39:00,Siga ao vivo pelo Youtube
2025-06-27 12:09:00,(Ana Katia)
2025-06-27 13:15:00,Trump: Ir√£ quer se reunir com os EUA
2025-06-27 13:32:00,Trump: Bitcoin tira press√£o do Dolar
2025-06-27 14:41:00,"AOVIVO/Haddad: Se n√£o usurpa, vamos negociar"
2025-06-27 14:55:00,"O que aconteceu depois, eu n√£o sei"
2025-06-27 15:25:00,"""Nos podemos fazer isso"""
2025-06-27 15:53:00,(M√°rcio Anaya)
2025-06-27 16:12:00,(BDM Online)
2025-06-27 16:16:00,Canad√°: Carney diz que n√£o falou com Trump hoje
2025-06-27 16:25:00,"Dow Jones +0,59%; S&P500 +0,12%; Nasdaq +0,01%"
2025-06-27 17:03:00,"Na semana, moeda recuou 0,37%"
2025-06-27 17:19:00,"Volume financeiro foi de R$ 16,5 bilh√µes"
2025-06-27 17:19:00,"Na semana, indice caiu 0,18%"
2025-06-27 17:25:00,(M√°rcio Anaya)
2025-06-27 19:01:00,Encerramento das transmiss√µes
2025-06-30 00:06:00,(Rosa Riscala)
2025-06-30 07:00:00,"Manchetes desta 6¬™F, 30/06/2025"
2025-06-30 07:00:00,VALOR
2025-06-30 07:00:00,GLOBO
2025-06-30 07:00:00,FOLHA
2025-06-30 07:00:00,ESTAD√ÉO
2025-06-30 07:01:00,Agenda: Caged e d√©ficit fiscal abrem a semana
2025-06-30 07:01:00,Indicadores
2025-06-30 07:01:00,Eventos
2025-06-30 07:02:00,Clique
2025-06-30 08:36:00,Veja a nota completa do BC
2025-06-30 09:04:00,Juros futuros recuam
2025-06-30 09:04:00,"Ibovespa futuro cai 0,32% (138.895)"
2025-06-30 09:26:00,(Ana Katia)
2025-06-30 10:22:00,Bradesco PN:
2025-06-30 10:22:00,Ita√∫:
2025-06-30 10:22:00,Petrobras ON:
2025-06-30 10:22:00,Petrobras PN:
2025-06-30 10:22:00,Vale:
2025-06-30 10:39:00,Maiores altas do Ibovespa:
2025-06-30 10:39:00,Ultrapar
2025-06-30 10:39:00,Azzas 2154
2025-06-30 10:39:00,Cemig
2025-06-30 10:39:00,Maiores baixas do Ibovespa:
2025-06-30 10:39:00,Brava Energia
2025-06-30 10:39:00,CSN
2025-06-30 10:39:00,Usiminas
2025-06-30 11:08:00,Siga ao vivo pelo Youtube
2025-06-30 11:59:00,(Ana Katia)
2025-06-30 12:00:00,Siga ao vivo pelo Youtube
2025-06-30 14:35:00,Mais dados do Caged em maio:
2025-06-30 14:45:00,Reuters
2025-06-30 14:55:00,(BDM Online)
2025-06-30 15:55:00,Poder360
2025-06-30 15:55:00,El Economista
2025-06-30 16:05:00,(BDM Online)
2025-06-30 16:42:00,"Dow Jones +0,52%; S&P500 +0,47%; Nasdaq +0,50%"
2025-06-30 17:15:00,"Volume financeiro somou R$ 20,4 bilh√µes"
2025-06-30 17:25:00,(M√°rcio Anaya)
2025-07-01 00:40:00,(Rosa Riscala)
2025-07-01 07:00:00,"Manchetes desta 3¬™F, 01/07/2025"
2025-07-01 07:00:00,VALOR
2025-07-01 07:00:00,GLOBO
2025-07-01 07:00:00,FOLHA
2025-07-01 07:00:00,ESTAD√ÉO
2025-07-01 07:01:00,Indicadores
2025-07-01 07:01:00,Eventos
2025-07-01 09:02:00,Juros futuros abrem em queda
2025-07-01 09:04:00,Este √© um acordo para os trabalhadores
2025-07-01 09:39:00,(Ana Katia)
2025-07-01 10:16:00,Bradesco PN:
2025-07-01 10:16:00,Ita√∫:
2025-07-01 10:16:00,Petrobras ON:
2025-07-01 10:16:00,Petrobras PN:
2025-07-01 10:16:00,Vale:
2025-07-01 10:39:00,Maiores altas do Ibovespa:
2025-07-01 10:39:00,Embraer
2025-07-01 10:39:00,BB Seguridade
2025-07-01 10:39:00,MRV
2025-07-01 10:39:00,Maiores baixas do Ibovespa:
2025-07-01 10:39:00,Hapvida
2025-07-01 10:39:00,BRF
2025-07-01 10:39:00,Azzas 2154
2025-07-01 11:55:00,Veja pelo Youtube
2025-07-01 11:59:00,(Ana Katia)
2025-07-01 12:44:00,"N√£o vamos competir com a Fran√ßa, ainda"
2025-07-01 12:51:00,Trabalhar com seriedade √© obriga√ß√£o
2025-07-01 14:05:00,"""Ser√° mais f√°cil que no Senado"""
2025-07-01 14:54:00,(BDM Online)
2025-07-01 16:02:00,(BDM Online)
2025-07-01 17:17:00,"Volume financeiro somou R$ 17,0 bilh√µes"
2025-07-01 17:23:00,(M√°rcio Anaya)
2025-07-02 00:48:00,(Rosa Riscala)
2025-07-02 07:00:00,"Manchetes desta 4¬™F, 02/07/2025"
2025-07-02 07:00:00,VALOR
2025-07-02 07:00:00,GLOBO
2025-07-02 07:00:00,FOLHA
2025-07-02 07:00:00,ESTAD√ÉO
2025-07-02 07:01:00,Indicadores
2025-07-02 07:01:00,Eventos
2025-07-02 07:01:00,Clique
2025-07-02 07:03:00,Veja como os indices
2025-07-02 09:02:00,Veja a nota completa
2025-07-02 09:03:00,Juros futuros abrem perto do ajuste
2025-07-02 09:33:00,(Ana Katia)
2025-07-02 10:21:00,"Em maio, demiss√µes atingiram 6 mil"
2025-07-02 10:23:00,Bradesco PN:
2025-07-02 10:23:00,Ita√∫:
2025-07-02 10:23:00,Petrobras ON:
2025-07-02 10:23:00,Petrobras PN:
2025-07-02 10:23:00,Vale:
2025-07-02 10:43:00,Maiores altas do Ibovespa:
2025-07-02 10:43:00,GPA
2025-07-02 10:43:00,CSN
2025-07-02 10:43:00,Klabin
2025-07-02 10:43:00,Maiores baixas do Ibovespa:
2025-07-02 10:43:00,Smartfit
2025-07-02 10:43:00,Vamos
2025-07-02 10:43:00,Magazine Luiza
2025-07-02 10:43:00,Fora do indice:
2025-07-02 10:43:00,Oi ON
2025-07-02 10:43:00,Oi PN
2025-07-02 11:33:00,"Em Cushing, estoques ca√≠ram -1,493 milh√£o"
2025-07-02 11:41:00,Haddad: N√£o podemos fazer o jogo da especula√ß√£o
2025-07-02 12:08:00,(Ana Katia)
2025-07-02 13:08:00,"Taxa Ptax fecha est√°vel, em R$ 5,4512"
2025-07-02 13:16:00,Valor
2025-07-02 13:16:00,O Globo
2025-07-02 13:20:00,Com objetivo de ancorar as expectativas
2025-07-02 14:50:00,(BDM Online)
2025-07-02 16:05:00,(BDM Online)
2025-07-02 17:07:00,Bolsas/NY: S&P500 renova recorde de fechamento
2025-07-02 17:16:00,"Volume financeiro somou R$ 24,0 bilh√µes"
2025-07-02 17:24:00,(M√°rcio Anaya)
2025-07-03 00:41:00,(Rosa Riscala)
2025-07-03 07:00:00,"Manchetes desta 5¬™F, 03/07/2025"
2025-07-03 07:00:00,VALOR
2025-07-03 07:00:00,GLOBO
2025-07-03 07:00:00,FOLHA
2025-07-03 07:00:00,ESTAD√ÉO
2025-07-03 07:00:00,Indicadores
2025-07-03 07:00:00,Eventos
2025-07-03 07:01:00,Clique
2025-07-03 07:03:00,PMI na Europa:
2025-07-03 07:03:00,Espanha
2025-07-03 07:03:00,It√°lia
2025-07-03 07:03:00,Fran√ßa
2025-07-03 07:03:00,Alemanha
2025-07-03 07:03:00,Reino Unido
2025-07-03 07:45:00,(Valor Pro)
2025-07-03 08:44:00,Veja ata completa
2025-07-03 09:02:00,Juros futuros abrem em queda
2025-07-03 09:22:00,(Ana Katia)
2025-07-03 10:15:00,Bradesco PN:
2025-07-03 10:15:00,Ita√∫:
2025-07-03 10:15:00,Petrobras ON:
2025-07-03 10:15:00,Petrobras PN:
2025-07-03 10:15:00,Vale:
2025-07-03 10:45:00,Maiores altas do Ibovespa:
2025-07-03 10:45:00,Vamos
2025-07-03 10:45:00,CVC
2025-07-03 10:45:00,Embraer
2025-07-03 10:45:00,Maiores baixas do Ibovespa:
2025-07-03 10:45:00,Ra√≠zen
2025-07-03 10:45:00,BRF
2025-07-03 10:45:00,Ambev
2025-07-03 11:56:00,(Ana Katia)
2025-07-03 14:51:00,Fala durou mais de 8 horas
2025-07-03 14:52:00,(BDM Online)
2025-07-03 16:05:00,(BDM Online)
2025-07-03 17:13:00,"Volume financeiro somou R$ 16,4 bilh√µes"
2025-07-03 17:24:00,(M√°rcio Anaya)
2025-07-04 01:15:00,(Rosa Riscala)
2025-07-04 06:58:00,"Manchetes desta 6¬™F, 04/07/2025"
2025-07-04 06:58:00,VALOR
2025-07-04 06:58:00,GLOBO
2025-07-04 06:58:00,FOLHA
2025-07-04 06:58:00,ESTAD√ÉO
2025-07-04 07:00:00,Indicadores
2025-07-04 07:00:00,Eventos
2025-07-04 07:01:00,Clique
2025-07-04 07:03:00,Folha
2025-07-04 07:45:00,MERCADOS: Petr√≥leo cai antes da reuniao da Opep+
2025-07-04 09:02:00,Juros futuros sobem
2025-07-04 09:02:00,"Ibovespa futuro cai 0,35% (142.625)"
2025-07-04 09:18:00,(Ana Katia)
2025-07-04 09:22:00,Veja o boletim completo
2025-07-04 10:08:00,Siga ao vivo
2025-07-04 10:20:00,Bradesco PN:
2025-07-04 10:20:00,Ita√∫:
2025-07-04 10:20:00,Petrobras ON:
2025-07-04 10:20:00,Petrobras PN:
2025-07-04 10:20:00,Vale:
2025-07-04 10:38:00,Maiores altas do Ibovespa:
2025-07-04 10:38:00,Vibra Energia
2025-07-04 10:38:00,GPA
2025-07-04 10:38:00,Assa√≠
2025-07-04 10:38:00,Maiores baixas do Ibovespa:
2025-07-04 10:38:00,Yduqs
2025-07-04 10:38:00,Cogna
2025-07-04 10:38:00,Engie
2025-07-04 10:39:00,E fora do multilateralismo n√£o h√° sa√≠da
2025-07-04 14:51:00,(BDM Online)
2025-07-04 15:04:00,"Super√°vit no ano alcan√ßa US$ 30,092 bi"
2025-07-04 17:02:00,"Na semana, moeda caiu 1,06%"
2025-07-04 17:02:00,Valor
2025-07-04 17:14:00,"Na semana, indice subiu 3,21%"
2025-07-04 17:26:00,(M√°rcio Anaya)
2025-07-04 19:01:00,Encerramento das transmiss√µes
2025-07-06 23:51:00,(Rosa Riscala)
2025-07-07 07:00:00,"Manchetes desta 2aF, 07/07/2025"
2025-07-07 07:00:00,VALOR
2025-07-07 07:00:00,GLOBO
2025-07-07 07:00:00,FOLHA
2025-07-07 07:00:00,ESTAD√ÉO
2025-07-07 07:00:00,Indicadores
2025-07-07 07:00:00,Eventos
2025-07-07 07:01:00,Clique
2025-07-07 07:09:00,MERCADOS: Petr√≥leo abre semana em alta
2025-07-07 09:01:00,Juros futuros abrem mistos
2025-07-07 09:19:00,(BDM Online)
2025-07-07 09:47:00,T√≠tulos vencer√£o em 4 de julho de 2032
2025-07-07 10:24:00,Bradesco PN:
2025-07-07 10:24:00,Ita√∫:
2025-07-07 10:24:00,Petrobras ON:
2025-07-07 10:24:00,Petrobras PN:
2025-07-07 10:24:00,Vale:
2025-07-07 10:29:00,Corre√ß√£o
2025-07-07 10:39:00,Maiores altas do Ibovespa:
2025-07-07 10:39:00,BRF
2025-07-07 10:39:00,Hypera
2025-07-07 10:39:00,Braskem
2025-07-07 10:39:00,Maiores baixas do Ibovespa:
2025-07-07 10:39:00,Yduqs
2025-07-07 10:39:00,Engie
2025-07-07 10:39:00,RD Sa√∫de
2025-07-07 12:08:00,Trump diz que Bolsonaro √© perseguido
2025-07-07 12:13:00,"""DEIXEM BOLSONARO EM PAZ"""
2025-07-07 12:56:00,EMPRESAS: Frigor√≠ficos lideram altas do Ibovespa
2025-07-07 12:59:00,(BDM Online)
2025-07-07 14:36:00,"Rendimento m√©dio cai 3,8% em maio"
2025-07-07 14:58:00,(BDM Online)
2025-07-07 15:11:00,"Super√°vit no ano alcan√ßa US$ 31,394 bi"
2025-07-07 16:02:00,(BDM Online)
2025-07-07 17:14:00,"Volume financeiro somou R$ 17,0 bilh√µes"
2025-07-07 17:21:00,(M√°rcio Anaya)
2025-07-08 00:28:00,(Rosa Riscala)
2025-07-08 07:00:00,"Manchetes desta 3¬™F, 08/07/2025"
2025-07-08 07:00:00,VALOR
2025-07-08 07:00:00,GLOBO
2025-07-08 07:00:00,FOLHA
2025-07-08 07:00:00,ESTAD√ÉO
2025-07-08 07:00:00,Indicadores
2025-07-08 07:00:00,Eventos
2025-07-08 07:02:00,Clique
2025-07-08 07:10:00,(BDM Online)
2025-07-08 09:01:00,Juros futuros abrem em queda
2025-07-08 09:14:00,(BDM Online)
2025-07-08 09:21:00,Veja a nota completa
2025-07-08 10:19:00,Bradesco PN:
2025-07-08 10:19:00,Ita√∫:
2025-07-08 10:19:00,Petrobras ON:
2025-07-08 10:19:00,Petrobras PN:
2025-07-08 10:19:00,Vale:
2025-07-08 10:47:00,Maiores altas do Ibovespa:
2025-07-08 10:47:00,Brava Energia
2025-07-08 10:47:00,S√£o Martinho
2025-07-08 10:47:00,Petrobras ON
2025-07-08 10:47:00,Maiores baixas do Ibovespa:
2025-07-08 10:47:00,Azzas 2154
2025-07-08 10:47:00,Sabesp
2025-07-08 10:47:00,Vamos
2025-07-08 12:50:00,(BDM Online)
2025-07-08 13:56:00,"""Uma carta significa um acordo"""
2025-07-08 14:54:00,(BDM Online)
2025-07-08 16:10:00,(BDM Online)
2025-07-08 17:17:00,"Volume financeiro foi de R$ 18,4 bilh√µes"
2025-07-08 17:23:00,(M√°rcio Anaya)
2025-07-08 23:31:00,Corre√ß√£o:
2025-07-09 00:53:00,(Rosa Riscala)
2025-07-09 07:00:00,"Manchetes desta 4¬™F, 09/07/2025"
2025-07-09 07:00:00,VALOR
2025-07-09 07:00:00,GLOBO
2025-07-09 07:00:00,FOLHA
2025-07-09 07:00:00,ESTAD√ÉO
2025-07-09 07:00:00,Indicadores
2025-07-09 07:00:00,Eventos
2025-07-09 07:03:00,(BDM Online)
2025-07-09 09:37:00,(BDM Online)
2025-07-09 10:26:00,Bradesco PN:
2025-07-09 10:26:00,Ita√∫:
2025-07-09 10:26:00,Petrobras ON:
2025-07-09 10:26:00,Petrobras PN:
2025-07-09 10:26:00,Vale:
2025-07-09 10:27:00,Bradesco PN:
2025-07-09 10:27:00,Ita√∫:
2025-07-09 10:27:00,Petrobras ON:
2025-07-09 10:27:00,Petrobras PN:
2025-07-09 10:27:00,Vale:
2025-07-09 10:48:00,Maiores altas do Ibovespa:
2025-07-09 10:48:00,Braskem
2025-07-09 10:48:00,Marfrig
2025-07-09 10:48:00,Vamos
2025-07-09 10:48:00,Maiores baixas do Ibovespa:
2025-07-09 10:48:00,Petrorec√¥ncavo
2025-07-09 10:48:00,Azzas 2154
2025-07-09 10:48:00,CPFL
2025-07-09 10:48:00,Fora do indice:
2025-07-09 10:48:00,Gol PN
2025-07-09 10:48:00,Light
2025-07-09 10:48:00,Oi PN
2025-07-09 11:15:00,Acompanhe
2025-07-09 11:34:00,(BDM Online)
2025-07-09 14:35:00,Trump: Brasil n√£o tem sido bom para n√≥s
2025-07-09 14:40:00,"BC: IC-Br cai 1,35% em junho"
2025-07-09 15:01:00,Veja a √≠ntegra da Ata do Fed
2025-07-09 16:35:00,Valor
2025-07-09 18:01:00,ELE ENLOUQUECEU.
2025-07-09 18:01:00,(Rosa Riscala)
2025-07-09 18:24:00,"Fundo EWZ segue em baixa de 1,78%"
2025-07-09 19:31:00,Rea√ß√£o a posicionamento dos EUA
2025-07-09 20:24:00,Rea√ß√£o ao tarifa√ßo de Trump
2025-07-09 20:27:00,Rea√ß√£o as sobretaxas de Trump
2025-07-10 00:30:00,(Rosa Riscala)
2025-07-10 06:58:00,"Manchetes desta 5¬™F, 10/07/2025"
2025-07-10 06:58:00,VALOR
2025-07-10 06:58:00,GLOBO
2025-07-10 06:58:00,FOLHA
2025-07-10 06:58:00,ESTAD√ÉO
2025-07-10 07:00:00,Indicadores
2025-07-10 07:00:00,Eventos
2025-07-10 07:00:00,Clique
2025-07-10 07:01:00,(BDM Online)
2025-07-10 07:01:00,Veja como os indices:
2025-07-10 07:56:00,(BDM Online)
2025-07-10 09:00:00,Veja a not√≠cia completa no site IBGE
2025-07-10 09:09:00,Juros futuros abrem em alta
2025-07-10 09:29:00,"Fundo EWZ segue em baixa de 2,91%"
2025-07-10 09:29:00,"ADR de Petrobras cede 2,25%"
2025-07-10 10:04:00,Siga pelo Youtube
2025-07-10 10:17:00,Bradesco PN:
2025-07-10 10:17:00,Ita√∫:
2025-07-10 10:17:00,Petrobras ON:
2025-07-10 10:17:00,Petrobras PN:
2025-07-10 10:31:00,Nossos interesses s√£o equivalentes
2025-07-10 10:44:00,Maiores altas do Ibovespa:
2025-07-10 10:44:00,CSN
2025-07-10 10:44:00,Vale
2025-07-10 10:44:00,Bradespar
2025-07-10 10:44:00,Maiores baixas do Ibovespa:
2025-07-10 10:44:00,Embraer
2025-07-10 10:44:00,Minerva
2025-07-10 10:44:00,CVC
2025-07-10 10:58:00,BC ENVIA CARTA.
2025-07-10 10:58:00,(Rosa Riscala)
2025-07-10 11:50:00,(BDM Online)
2025-07-10 15:40:00,Lauro Jardim/O Globo
2025-07-10 17:19:00,"Volume financeiro somou R$ 26,2 bilh√µes"
2025-07-10 18:26:00,Fica muito claro este ativismo jur√≠dico
2025-07-11 00:44:00,(Rosa Riscala)
2025-07-11 07:00:00,"Manchetes desta 6¬™F, 11/07/2025"
2025-07-11 07:00:00,VALOR
2025-07-11 07:00:00,GLOBO
2025-07-11 07:00:00,FOLHA
2025-07-11 07:00:00,ESTAD√ÉO
2025-07-11 07:01:00,Indicadores
2025-07-11 07:01:00,Clique
2025-07-11 07:02:00,Reino Unido: Dados da Economia
2025-07-11 07:02:00,PIB
2025-07-11 07:02:00,BALAN√áA
2025-07-11 07:02:00,IND√öSTRIA
2025-07-11 07:05:00,(BDM Online)
2025-07-11 08:12:00,(BDM Online)
2025-07-11 10:11:00,(BDM Online)
2025-07-11 10:16:00,Bradesco PN:
2025-07-11 10:16:00,Ita√∫:
2025-07-11 10:16:00,Petrobras ON:
2025-07-11 10:16:00,Petrobras PN:
2025-07-11 10:16:00,Vale:
2025-07-11 10:41:00,Maiores altas do Ibovespa:
2025-07-11 10:41:00,MRV
2025-07-11 10:41:00,Petrobras ON
2025-07-11 10:41:00,Petrorec√¥ncavo
2025-07-11 10:41:00,Maiores baixas do Ibovespa:
2025-07-11 10:41:00,Cogna
2025-07-11 10:41:00,Magazine Luiza
2025-07-11 10:41:00,Yduqs
2025-07-11 11:47:00,(BDM Online)
2025-07-11 17:03:00,"Na semana, moeda subiu 2,26%"
2025-07-11 17:18:00,"Volume financeiro somou R$ 19,3 bilh√µes"
2025-07-11 17:18:00,"Na semana, indice caiu 3,59%"
2025-07-11 19:02:00,Encerramento das transmiss√µes
2025-07-14 01:10:00,(Rosa Riscala)
2025-07-14 07:00:00,"Manchetes desta 6¬™F, 14/07/2025"
2025-07-14 07:00:00,VALOR
2025-07-14 07:00:00,GLOBO
2025-07-14 07:00:00,FOLHA
2025-07-14 07:00:00,ESTAD√ÉO
2025-07-14 07:02:00,Agenda: IBC-Br e PIB da China abrem a semana
2025-07-14 07:02:00,Indicadores
2025-07-14 07:02:00,Eventos
2025-07-14 07:03:00,Clique
2025-07-14 07:08:00,(BDM Online)
2025-07-14 07:09:00,(BDM Online)
2025-07-14 08:08:00,(BDM Online)
2025-07-14 09:04:00,Juros futuros abrem em queda
2025-07-14 10:22:00,Bradesco PN:
2025-07-14 10:22:00,Ita√∫:
2025-07-14 10:22:00,Petrobras ON:
2025-07-14 10:22:00,Petrobras PN:
2025-07-14 10:22:00,Vale:
2025-07-14 10:49:00,Maiores altas do Ibovespa:
2025-07-14 10:49:00,Rumo
2025-07-14 10:49:00,Metal√∫rgica Gerdau
2025-07-14 10:49:00,Ambev
2025-07-14 10:49:00,Maiores baixas do Ibovespa:
2025-07-14 10:49:00,Lojas Renner
2025-07-14 10:49:00,Minerva
2025-07-14 10:49:00,Marfrig
2025-07-14 11:50:00,(BDM Online)
2025-07-14 12:26:00,Tarifas entrariam em vigor em 50 dias
2025-07-14 12:38:00,"Esta √© a primeira onda, mas haver√° mais"
2025-07-14 13:08:00,(BDM Online)
2025-07-14 14:04:00,Bolsas viram e passam a subir em NY:
2025-07-14 14:04:00,"Dow Jones +0,09%; S&P500 +0,13%; Nasdaq +0,33%"
2025-07-14 14:49:00,(BDM Online)
2025-07-14 16:01:00,(BDM Online)
2025-07-14 17:17:00,"Volume financeiro somou R$ 18,7 bilh√µes"
2025-07-14 17:23:00,(M√°rcio Anaya)
2025-07-14 18:19:00,E o pior: sem consultar Jair Bolsonaro
2025-07-15 01:25:00,(Rosa Riscala)
2025-07-15 07:01:00,"Manchetes desta 3¬™F, 15/07/2025"
2025-07-15 07:01:00,VALOR
2025-07-15 07:01:00,GLOBO
2025-07-15 07:01:00,FOLHA
2025-07-15 07:01:00,ESTAD√ÉO
2025-07-15 07:01:00,Indicadores
2025-07-15 07:01:00,Eventos
2025-07-15 07:01:00,Balan√ßos
2025-07-15 07:02:00,Clique
2025-07-15 07:03:00,(BDM Online)
2025-07-15 07:07:00,(BDM Online)
2025-07-15 07:39:00,(BDM Online)
2025-07-15 08:43:00,(BDM Online)
2025-07-15 09:04:00,Juros futuros abrem em leve alta
2025-07-15 09:18:00,Corre√ß√£o
2025-07-15 09:43:00,QUINTO M√äS DE QUEDA
2025-07-15 09:43:00,(mr)
2025-07-15 10:20:00,Bradesco PN:
2025-07-15 10:20:00,Ita√∫:
2025-07-15 10:20:00,Petrobras ON:
2025-07-15 10:20:00,Petrobras PN:
2025-07-15 10:20:00,Vale:
2025-07-15 10:42:00,Maiores altas do Ibovespa:
2025-07-15 10:42:00,CVC
2025-07-15 10:42:00,Azzas 2154
2025-07-15 10:42:00,CSN
2025-07-15 10:42:00,Maiores baixas do Ibovespa:
2025-07-15 10:42:00,MRV
2025-07-15 10:42:00,Vale
2025-07-15 10:42:00,Bradespar
2025-07-15 12:49:00,(BDM Online)
2025-07-15 13:10:00,"Taxa Ptax fecha est√°vel em R$ 5,5576"
2025-07-15 13:39:00,Corre√ß√£o:
2025-07-15 14:25:00,"""Acordos semelhantes est√£o em andamento"""
2025-07-15 14:27:00,Trump: Zelensky n√£o deve atacar Moscou
2025-07-15 15:06:00,(BDM Online)
2025-07-15 16:02:00,(BDM Online)
2025-07-15 17:18:00,"Volume financeiro foi de R$ 18,1 bilh√µes"
2025-07-15 17:21:00,(M√°rcio Anaya)
2025-07-16 01:53:00,(Rosa Riscala)
2025-07-16 06:59:00,"Manchetes desta 4¬™F, 16/07/2025"
2025-07-16 06:59:00,VALOR
2025-07-16 06:59:00,GLOBO
2025-07-16 06:59:00,FOLHA
2025-07-16 06:59:00,ESTAD√ÉO
2025-07-16 07:02:00,Indicadores
2025-07-16 07:02:00,Eventos
2025-07-16 07:02:00,Balan√ßos
2025-07-16 07:02:00,Clique
2025-07-16 07:03:00,(BDM Online)
2025-07-16 07:07:00,(BDM Online)
2025-07-16 07:08:00,(BDM Online)
2025-07-16 09:03:00,Juros futuros abrem est√°veis
2025-07-16 09:25:00,(BDM Online)
2025-07-16 09:47:00,"Totalmente inadequado e injusto, disse"
2025-07-16 10:16:00,Bradesco PN:
2025-07-16 10:16:00,Ita√∫:
2025-07-16 10:16:00,Petrobras ON:
2025-07-16 10:16:00,Petrobras PN:
2025-07-16 10:16:00,Vale:
2025-07-16 10:47:00,Maiores altas do Ibovespa:
2025-07-16 10:47:00,GPA
2025-07-16 10:47:00,Ambev
2025-07-16 10:47:00,Weg
2025-07-16 10:47:00,Maiores baixas do Ibovespa:
2025-07-16 10:47:00,Usiminas
2025-07-16 10:47:00,Yduqs
2025-07-16 10:47:00,Minerva
2025-07-16 10:47:00,Fora do indice:
2025-07-16 10:47:00,Oi ON
2025-07-16 10:47:00,Oi PN
2025-07-16 11:46:00,(BDM Online)
2025-07-16 12:44:00,Fed n√£o quis comentar
2025-07-16 12:58:00,(BDM Online)
2025-07-16 14:11:00,"""Ser√° tudo igual para todos nesse grupo"""
2025-07-16 14:58:00,(BDM Online)
2025-07-16 15:02:00,Fed: Veja a √≠ntegra do Livro Bege
2025-07-16 15:22:00,Valor
2025-07-16 15:26:00,"Dow Jones +0,27%; S&P500 +0,15%; Nasdaq +0,08%"
2025-07-16 15:38:00,TARC√çSIO NA BERLINDA.
2025-07-16 15:53:00,Pipeline/Valor
2025-07-16 16:00:00,(BDM Online)
2025-07-16 17:21:00,(M√°rcio Anaya)
2025-07-16 17:28:00,Valor
2025-07-16 18:29:00,Adriana Fernandes/Folha
2025-07-17 01:43:00,BDM Morning Call: Bras√≠lia 40 graus
2025-07-17 01:43:00,(Rosa Riscala)
2025-07-17 07:00:00,"Manchetes desta 5¬™F, 17/07/2025"
2025-07-17 07:00:00,VALOR
2025-07-17 07:00:00,GLOBO
2025-07-17 07:00:00,FOLHA
2025-07-17 07:00:00,ESTAD√ÉO
2025-07-17 07:00:00,Indicadores
2025-07-17 07:00:00,Eventos
2025-07-17 07:00:00,Balan√ßos
2025-07-17 07:01:00,Clique
2025-07-17 07:01:00,(BDM Online)
2025-07-17 07:04:00,(BDM Online)
2025-07-17 09:04:00,Juros futuros abrem em alta
2025-07-17 10:14:00,Bradesco PN:
2025-07-17 10:14:00,Ita√∫:
2025-07-17 10:14:00,Petrobras ON:
2025-07-17 10:14:00,Petrobras PN:
2025-07-17 10:14:00,Vale:
2025-07-17 10:47:00,Maiores altas do Ibovespa:
2025-07-17 10:47:00,Braskem
2025-07-17 10:47:00,Minerva
2025-07-17 10:47:00,Usiminas
2025-07-17 10:47:00,Maiores baixas do Ibovespa:
2025-07-17 10:47:00,Hypera
2025-07-17 10:47:00,Vibra Energia
2025-07-17 10:47:00,Hapvida
2025-07-17 10:47:00,Fora do indice:
2025-07-17 10:47:00,Gol PN
2025-07-17 11:57:00,(BDM¬†Online)
2025-07-17 12:17:00,"Estimativa para 2026 √© de avan√ßo de 2,1%"
2025-07-17 12:32:00,Infla√ß√£o permanece acima da meta de 2%
2025-07-17 13:04:00,(BDM Online)
2025-07-17 13:07:00,"Taxa Ptax fecha est√°vel, em R$ 5,5737"
2025-07-17 15:02:00,(BDM Online)
2025-07-17 15:52:00,Aceitamos negocia√ß√£o e n√£o imposi√ß√£o
2025-07-17 16:00:00,(BDM Online)
2025-07-17 16:03:00,Bloomberg
2025-07-17 17:21:00,"Volume somou R$ 17,8 bilh√µes"
2025-07-17 17:27:00,(M√°rcio Anaya)
2025-07-17 17:29:00,"Receita cresceu 15,9%, para US$ 11 bi"
2025-07-17 20:24:00,A CARTA DE TRUMP.
2025-07-17 20:24:00,(Rosa Riscala)
2025-07-17 20:31:00,Come√ßa pronunciamento de Lula:
2025-07-18 01:42:00,(Rosa Riscala)
2025-07-18 07:00:00,"Manchetes desta 6¬™F, 18/07/2025"
2025-07-18 07:00:00,VALOR
2025-07-18 07:00:00,GLOBO
2025-07-18 07:00:00,FOLHA
2025-07-18 07:00:00,ESTAD√ÉO
2025-07-18 07:00:00,Indicadores
2025-07-18 07:00:00,Eventos
2025-07-18 07:00:00,Balan√ßos
2025-07-18 07:01:00,Clique
2025-07-18 07:01:00,(BDM Online)
2025-07-18 07:03:00,(BDM Online)
2025-07-18 07:06:00,(BDM Online)
2025-07-18 08:16:00,PF est√° na casa do ex-presidente
2025-07-18 08:21:00,As medidas foram determinadas pelo STF
2025-07-18 09:02:00,Juros futuros abrem em alta
2025-07-18 10:15:00,Bradesco PN:
2025-07-18 10:15:00,Ita√∫:
2025-07-18 10:15:00,Petrobras ON:
2025-07-18 10:15:00,Petrobras PN:
2025-07-18 10:15:00,Vale:
2025-07-18 10:38:00,"√â um novo inqu√©rito, que estou dentro"
2025-07-18 10:40:00,Vou declarar no imposto de renda
2025-07-18 10:52:00,Maiores altas do Ibovespa:
2025-07-18 10:52:00,GPA
2025-07-18 10:52:00,Weg
2025-07-18 10:52:00,Fleury
2025-07-18 10:52:00,Maiores baixas do Ibovespa:
2025-07-18 10:52:00,Embraer
2025-07-18 10:52:00,Santander
2025-07-18 10:52:00,Minerva
2025-07-18 10:52:00,Fora do indice:
2025-07-18 10:52:00,Azul PN
2025-07-18 10:52:00,OI PN
2025-07-18 11:47:00,(BDM Online)
2025-07-18 12:28:00,"previsao era de queda de 0,6% no per√≠odo"
2025-07-18 13:06:00,(BDM Online)
2025-07-18 13:53:00,"Dolar a vista sobe 0,46%, para R$ 5,5726"
2025-07-18 14:56:00,(BDM Online)
2025-07-18 16:16:00,(BDM Online)
2025-07-18 16:16:00,Valor
2025-07-18 17:03:00,"Na semana, moeda acumulou ganho de 0,72%"
2025-07-18 17:16:00,"Na semana, indice caiu 2,06%"
2025-07-18 17:24:00,(M√°rcio Anaya)
2025-07-18 18:40:00,Valor
2025-07-18 19:00:00,Encerramento das transmiss√µes
2025-07-21 00:26:00,(Rosa Riscala)
2025-07-21 07:00:00,"Manchetes desta 2aF, 21/07/2025"
2025-07-21 07:00:00,VALOR
2025-07-21 07:00:00,GLOBO
2025-07-21 07:00:00,FOLHA
2025-07-21 07:00:00,ESTAD√ÉO
2025-07-21 07:00:00,Indicadores
2025-07-21 07:00:00,Eventos
2025-07-21 07:00:00,Balan√ßos
2025-07-21 07:01:00,Clique
2025-07-21 07:02:00,(BDM Online)
2025-07-21 07:03:00,(BDM Online)
2025-07-21 07:06:00,(BDM Online)
2025-07-21 08:20:00,Acompanhe pelo Youtube
2025-07-21 08:28:00,Veja o PDF completo
2025-07-21 08:39:00,Estamos desenhando os cen√°rios poss√≠veis
2025-07-21 09:17:00,Juros futuros abrem em baixa
2025-07-21 10:25:00,Bradesco PN:
2025-07-21 10:25:00,Ita√∫:
2025-07-21 10:25:00,Petrobras ON:
2025-07-21 10:25:00,Petrobras PN:
2025-07-21 10:25:00,Vale:
2025-07-21 10:49:00,Maiores altas do Ibovespa:
2025-07-21 10:49:00,Fleury
2025-07-21 10:49:00,BRF
2025-07-21 10:49:00,CSN Minera√ß√£o
2025-07-21 10:49:00,Maiores baixas do Ibovespa:
2025-07-21 10:49:00,GPA
2025-07-21 10:49:00,Ra√≠zen
2025-07-21 10:49:00,Embraer
2025-07-21 10:49:00,Fora do indice:
2025-07-21 10:49:00,Gol PN
2025-07-21 11:45:00,(BDM Online)
2025-07-21 13:03:00,(BDM Online)
2025-07-21 14:56:00,(BDM Online)
2025-07-21 16:11:00,Juros futuros operam nas m√≠nimas do dia
2025-07-21 16:20:00,(BDM Online)
2025-07-21 16:47:00,Valor
2025-07-21 17:19:00,"Volume financeiro somou R$ 17,5 bilh√µes"
2025-07-21 17:27:00,(M√°rcio Anaya)
2025-07-22 00:21:00,(Rosa Riscala)
2025-07-22 07:01:00,"Manchetes desta 3¬™F, 22/07/2025"
2025-07-22 07:01:00,VALOR
2025-07-22 07:01:00,GLOBO
2025-07-22 07:01:00,FOLHA
2025-07-22 07:01:00,ESTAD√ÉO
2025-07-22 07:01:00,Indicadores
2025-07-22 07:01:00,Eventos
2025-07-22 07:01:00,Balan√ßos
2025-07-22 07:02:00,Clique
2025-07-22 07:02:00,(BDM Online)
2025-07-22 07:04:00,(BDM Online)
2025-07-22 07:05:00,(BDM Online)
2025-07-22 09:03:00,Juros futuros abrem em alta
2025-07-22 10:17:00,Bradesco PN:
2025-07-22 10:17:00,Ita√∫:
2025-07-22 10:17:00,Petrobras ON:
2025-07-22 10:17:00,Petrobras PN:
2025-07-22 10:41:00,Folha
2025-07-22 10:41:00,Adriana Fernandes
2025-07-22 10:41:00,Veja a reportagem completa
2025-07-22 10:45:00,Maiores altas do Ibovespa:
2025-07-22 10:45:00,Usiminas
2025-07-22 10:45:00,CSN
2025-07-22 10:45:00,MRV
2025-07-22 10:45:00,Maiores baixas do Ibovespa:
2025-07-22 10:45:00,Fleury
2025-07-22 10:45:00,Cogna
2025-07-22 10:45:00,Copel
2025-07-22 10:45:00,Fora do indice:
2025-07-22 10:45:00,Gol PN
2025-07-22 10:45:00,Oi ON
2025-07-22 11:10:00,Broadcast
2025-07-22 11:41:00,(BDM Online)
2025-07-22 13:12:00,(BDM Online)
2025-07-22 13:22:00,"""Em uns 8 meses ele estar√° fora"""
2025-07-22 15:03:00,(BDM Online)
2025-07-22 16:07:00,(BDM Online)
2025-07-22 17:16:00,"Volume financeiro somou R$ 18,1 bilh√µes"
2025-07-22 17:20:00,(M√°rcio Anaya)
2025-07-22 18:27:00,"Receita com a PPSA deve somar R$ 3,4 bi"
2025-07-22 18:43:00,Veja a √≠ntegra do balan√ßo:
2025-07-22 19:15:00,Veja aqui o relat√≥rio:
2025-07-23 01:18:00,(Rosa Riscala)
2025-07-23 07:00:00,"Manchetes desta 4¬™F, 23/07/2025"
2025-07-23 07:00:00,VALOR
2025-07-23 07:00:00,GLOBO
2025-07-23 07:00:00,FOLHA
2025-07-23 07:00:00,ESTAD√ÉO
2025-07-23 07:00:00,Indicadores
2025-07-23 07:00:00,Eventos
2025-07-23 07:00:00,Balan√ßos
2025-07-23 07:01:00,Clique
2025-07-23 07:01:00,(BDM Online)
2025-07-23 08:17:00,Veja o release completo
2025-07-23 08:54:00,Jamil Chade (UOL)
2025-07-23 09:03:00,Juros futuros abrem perto do ajuste
2025-07-23 09:03:00,"Ibovespa futuro cai 0,34% (135.135)"
2025-07-23 09:45:00,(Ana Katia)
2025-07-23 10:17:00,Bradesco PN:
2025-07-23 10:17:00,Ita√∫:
2025-07-23 10:17:00,Petrobras ON:
2025-07-23 10:17:00,Petrobras PN:
2025-07-23 10:44:00,Maiores altas do Ibovespa:
2025-07-23 10:44:00,MRV
2025-07-23 10:44:00,Auren
2025-07-23 10:44:00,CVC
2025-07-23 10:44:00,Maiores baixas do Ibovespa:
2025-07-23 10:44:00,Weg
2025-07-23 10:44:00,BRF
2025-07-23 10:44:00,RD Sa√∫de
2025-07-23 10:44:00,Fora do indice:
2025-07-23 10:44:00,Gol PN
2025-07-23 11:16:00,Siga pelo Youtube
2025-07-23 11:33:00,"Em Cushing, estoques +455 mil barris"
2025-07-23 12:03:00,MERCADOS: Acordo EUA-Jap√£o alivia bolsas globais
2025-07-23 12:03:00,(Ana Katia)
2025-07-23 14:53:00,(BDM Online)
2025-07-23 16:07:00,Pagamentos come√ßam amanh√£
2025-07-23 16:12:00,(BDM Online)
2025-07-23 16:13:00,Valor
2025-07-23 17:14:00,"Volume financeiro somou R$ 16,5 bilh√µes"
2025-07-23 17:22:00,(M√°rcio Anaya)
2025-07-23 18:35:00,Trump: Estamos em negocia√ß√µes s√©rias com a UE
2025-07-24 01:13:00,BDM Morning Call: Di√°logo interditado
2025-07-24 01:13:00,(Rosa Riscala)
2025-07-24 07:00:00,"Manchetes desta 5¬™F, 24/07/2025"
2025-07-24 07:00:00,VALOR
2025-07-24 07:00:00,GLOBO
2025-07-24 07:00:00,FOLHA
2025-07-24 07:00:00,ESTAD√ÉO
2025-07-24 07:00:00,Indicadores
2025-07-24 07:00:00,Eventos
2025-07-24 07:00:00,Balan√ßos
2025-07-24 07:01:00,Clique
2025-07-24 07:01:00,(BDM Online)
2025-07-24 07:03:00,PMI Europa ‚Äî dados preliminares
2025-07-24 07:03:00,Alemanha
2025-07-24 07:03:00,Reino Unido
2025-07-24 07:03:00,Zona do euro
2025-07-24 07:04:00,(G1)
2025-07-24 09:02:00,Juros longos em alta leve
2025-07-24 09:02:00,"Ibovespa futuro cai 0,30% (135.975)"
2025-07-24 09:16:00,Taxa  de dep√≥sito em 2%
2025-07-24 09:17:00,"BCE mant√©m taxa de empr√©stimo em 2,40%"
2025-07-24 09:21:00,Confira √≠ntegra do comunicado do BCE:
2025-07-24 09:37:00,(Ana Katia)
2025-07-24 09:47:00,Rea√ß√£o ao BCE
2025-07-24 10:03:00,Linha de base de junho se mant√©m
2025-07-24 10:23:00,Bradesco PN:
2025-07-24 10:23:00,Ita√∫:
2025-07-24 10:23:00,Petrobras ON:
2025-07-24 10:23:00,Petrobras PN:
2025-07-24 10:23:00,Vale:
2025-07-24 10:40:00,Maiores altas do Ibovespa:
2025-07-24 10:40:00,Braskem
2025-07-24 10:40:00,Gerdau
2025-07-24 10:40:00,Maiores baixas do Ibovespa:
2025-07-24 10:40:00,Magazine Luiza
2025-07-24 10:40:00,Smartfit
2025-07-24 10:40:00,Cyrela
2025-07-24 10:40:00,Fora do indice:
2025-07-24 10:40:00,Azul
2025-07-24 12:06:00,(Ana Katia)
2025-07-24 13:50:00,"No Brasil, a Justi√ßa √© independente"
2025-07-24 14:01:00,"Imperador do mundo, n√≥s n√£o queremos"
2025-07-24 14:56:00,(BDM Online)
2025-07-24 15:40:00,Valor
2025-07-24 16:02:00,(BDM Online)
2025-07-24 17:15:00,"Volume financeiro foi de R$ 15,6 bilh√µes"
2025-07-24 17:22:00,(M√°rcio Anaya)
2025-07-24 17:34:00,Trump: Quero que Powell diminua os juros
2025-07-24 17:48:00,"""Talvez tardiamente, mas far√°"""
2025-07-24 17:56:00,Veja a √≠ntegra do balan√ßo:
2025-07-24 18:17:00,Tamb√©m recebemos executivos da Taurus
2025-07-25 01:53:00,BDM Morning Call: Brasil abre o di√°logo
2025-07-25 01:53:00,(Rosa Riscala)
2025-07-25 07:00:00,"Manchetes desta 6¬™F, 25/07/2025"
2025-07-25 07:00:00,VALOR
2025-07-25 07:00:00,GLOBO
2025-07-25 07:00:00,FOLHA
2025-07-25 07:00:00,ESTAD√ÉO
2025-07-25 07:02:00,Indicadores
2025-07-25 07:02:00,Eventos
2025-07-25 07:02:00,Balan√ßos
2025-07-25 07:02:00,Clique
2025-07-25 07:06:00,Veja como os indices:
2025-07-25 07:08:00,Veja reportagem completa no site da CNN
2025-07-25 09:02:00,Juros futuros abrem em alta
2025-07-25 09:02:00,"Ibovespa futuro sobe  0,10% (134.750)"
2025-07-25 09:05:00,IPCA-15: Veja o release completo do IBGE
2025-07-25 09:56:00,(Ana Katia)
2025-07-25 10:19:00,Bradesco PN:
2025-07-25 10:19:00,Ita√∫:
2025-07-25 10:19:00,Petrobras ON:
2025-07-25 10:19:00,Petrobras PN:
2025-07-25 10:19:00,Vale:
2025-07-25 10:43:00,Maiores altas do Ibovespa:
2025-07-25 10:43:00,Vamos
2025-07-25 10:43:00,Cyrela
2025-07-25 10:43:00,Marcopolo
2025-07-25 10:43:00,Maiores baixas do Ibovespa:
2025-07-25 10:43:00,Yduqs
2025-07-25 10:43:00,Usiminas
2025-07-25 10:43:00,Magazine Luiza
2025-07-25 10:43:00,Fora do indice:
2025-07-25 10:43:00,Azul
2025-07-25 10:43:00,Gol PN
2025-07-25 11:57:00,EMPRESAS: Yduqs lidera baixas ap√≥s mudan√ßa de CEO
2025-07-25 12:06:00,(Ana Katia)
2025-07-25 12:24:00,Juros futuros ampliam alta
2025-07-25 14:57:00,(BDM Online)
2025-07-25 15:18:00,Veja a √≠ntegra do v√≠deo no X:
2025-07-25 16:14:00,(BDM Online)
2025-07-25 17:02:00,"Na semana, moeda caiu 0,46%"
2025-07-25 17:27:00,(M√°rcio Anaya)
2025-07-25 19:01:00,Encerramento das transmiss√µes
2025-07-28 00:32:00,(Rosa Riscala)
2025-07-28 06:58:00,"Manchetes desta 2aF, 28/07/2025"
2025-07-28 06:58:00,VALOR
2025-07-28 06:58:00,GLOBO
2025-07-28 06:58:00,FOLHA
2025-07-28 06:58:00,ESTAD√ÉO
2025-07-28 06:58:00,Indicadores
2025-07-28 06:58:00,Eventos
2025-07-28 06:58:00,Balan√ßos
2025-07-28 06:59:00,Clique
2025-07-28 07:00:00,(BDM Online)
2025-07-28 09:03:00,Juros futuros abrem em alta
2025-07-28 09:03:00,"Ibovespa futuro aos 134.215 pontos (+0,03%)"
2025-07-28 10:18:00,Bradesco PN:
2025-07-28 10:18:00,Ita√∫:
2025-07-28 10:18:00,Petrobras ON:
2025-07-28 10:18:00,Petrobras PN:
2025-07-28 10:18:00,Vale:
2025-07-28 10:21:00,(Ana Katia)
2025-07-28 10:40:00,Maiores altas do Ibovespa:
2025-07-28 10:40:00,S√£o Martinho
2025-07-28 10:40:00,Ultrapar
2025-07-28 10:40:00,Vibra Energia
2025-07-28 10:40:00,Maiores baixas do Ibovespa:
2025-07-28 10:40:00,Magazine Luiza
2025-07-28 10:40:00,CSN Minera√ß√£o
2025-07-28 10:40:00,Localiza
2025-07-28 10:41:00,"Dolar faz nova m√°xima a R$ 5,6007 (+0,70%)"
2025-07-28 11:57:00,Siga pelo Youtube
2025-07-28 12:06:00,(Ana Katia)
2025-07-28 14:06:00,(Bloomberg)
2025-07-28 14:56:00,(BDM Online)
2025-07-28 16:07:00,(BDM Online)
2025-07-28 17:18:00,"Volume financeiro somou R$ 17,5 bilh√µes"
2025-07-28 17:31:00,(M√°rcio Anaya)
2025-07-28 18:20:00,Veja a √≠ntegra do balan√ßo:
2025-07-29 00:36:00,BDM Morning Call: Nada ainda
2025-07-29 00:36:00,(Rosa Riscala)
2025-07-29 07:00:00,"Manchetes desta 3¬™F, 29/07/2025"
2025-07-29 07:00:00,VALOR
2025-07-29 07:00:00,GLOBO
2025-07-29 07:00:00,FOLHA
2025-07-29 07:00:00,ESTAD√ÉO
2025-07-29 07:00:00,Indicadores
2025-07-29 07:00:00,Eventos
2025-07-29 07:00:00,Balan√ßos
2025-07-29 07:01:00,Clique
2025-07-29 07:01:00,(BDM Online)
2025-07-29 07:01:00,Espanha
2025-07-29 07:03:00,Globo
2025-07-29 07:03:00,Gaspar
2025-07-29 07:03:00,Veja a coluna completa
2025-07-29 07:51:00,Balan√ßos Corporativos
2025-07-29 07:51:00,Air Liquide
2025-07-29 07:51:00,Barclays
2025-07-29 07:51:00,AstraZeneca
2025-07-29 07:51:00,Stellantis
2025-07-29 07:51:00,UPS
2025-07-29 07:51:00,EssilorLuxottica
2025-07-29 07:51:00,UnitedHealth
2025-07-29 09:03:00,Juros futuros est√£o perto do ajuste
2025-07-29 10:15:00,Bradesco PN:
2025-07-29 10:15:00,Ita√∫:
2025-07-29 10:15:00,Petrobras ON:
2025-07-29 10:15:00,Petrobras PN:
2025-07-29 10:15:00,Vale:
2025-07-29 10:32:00,(Ana Katia)
2025-07-29 10:46:00,Maiores altas do Ibovespa:
2025-07-29 10:46:00,Vivara
2025-07-29 10:46:00,Weg
2025-07-29 10:46:00,Embraer
2025-07-29 10:46:00,Maiores baixas do Ibovespa:
2025-07-29 10:46:00,Magazine Luiza
2025-07-29 10:46:00,GPA
2025-07-29 10:46:00,Ra√≠zen
2025-07-29 12:04:00,(Ana Katia)
2025-07-29 14:50:00,"""Eles ver√£o qual ser√° a al√≠quota"""
2025-07-29 15:01:00,Trump: R√∫ssia [ainda] n√£o respondeu as tarifas
2025-07-29 15:05:00,(BDM Online)
2025-07-29 15:53:00,Valor
2025-07-29 16:08:00,(BDM Online)
2025-07-29 17:23:00,(M√°rcio Anaya)
2025-07-29 20:07:00,Veja a √≠ntegra do balan√ßo:
2025-07-30 01:42:00,(Rosa Riscala)
2025-07-30 07:00:00,"Manchetes desta 4¬™F, 30/07/2025"
2025-07-30 07:00:00,VALOR
2025-07-30 07:00:00,GLOBO
2025-07-30 07:00:00,FOLHA
2025-07-30 07:00:00,ESTAD√ÉO
2025-07-30 07:00:00,Indicadores
2025-07-30 07:00:00,Eventos
2025-07-30 07:00:00,Balan√ßos
2025-07-30 07:01:00,Clique
2025-07-30 07:01:00,(BDM Online)
2025-07-30 07:04:00,zona do euro
2025-07-30 07:10:00,Veja o release completo
2025-07-30 09:03:00,Juros abrem perto do ajuste
2025-07-30 10:18:00,Bradesco PN:
2025-07-30 10:18:00,Ita√∫:
2025-07-30 10:18:00,Petrobras ON:
2025-07-30 10:18:00,Petrobras PN:
2025-07-30 10:18:00,Vale:
2025-07-30 10:20:00,(Ana Katia)
2025-07-30 10:40:00,Maiores altas do Ibovespa:
2025-07-30 10:40:00,Petz
2025-07-30 10:40:00,Brava Energia
2025-07-30 10:40:00,Yduqs
2025-07-30 10:40:00,Maiores baixas do Ibovespa:
2025-07-30 10:40:00,Santander
2025-07-30 10:40:00,Hapvida
2025-07-30 10:40:00,Weg
2025-07-30 10:49:00,"Canad√°/BoC mant√©m juros em 2,75%"
2025-07-30 11:00:00,DESANUVIOU
2025-07-30 11:00:00,(BDM Online)
2025-07-30 11:35:00,"Em Cushing, estoques +690  mil barris"
2025-07-30 12:08:00,(Ana Katia)
2025-07-30 13:30:00,Corre√ß√£o:
2025-07-30 13:38:00,"Ministra cita Mercosul, UE e Brics"
2025-07-30 13:44:00,EMPRESAS: Santander cai ap√≥s balan√ßo do 2TRI
2025-07-30 14:44:00,(BDM Online)
2025-07-30 14:58:00,"Ibovespa cai 0,08% (132.617 pontos)"
2025-07-30 14:58:00,"Dow Jones +0,05%; S&P500 +0,24%; Nasdaq +0,45%"
2025-07-30 14:59:00,"""No momento, n√£o h√° infla√ß√£o"""
2025-07-30 15:01:00,Veja a √≠ntegra do comunicado do Fed:
2025-07-30 15:07:00,A infla√ß√£o permanece um pouco elevada
2025-07-30 15:33:00,Powell: Economia est√° em uma ‚Äúposi√ß√£o s√≥lida‚Äù
2025-07-30 15:52:00,"""Parece que h√° muito mais por vir"""
2025-07-30 16:05:00,‚Äù
2025-07-30 16:05:00, pe√ßas
2025-07-30 16:05:00, celulose
2025-07-30 16:05:00, crocidolita
2025-07-30 16:05:00, 3105.20.00
2025-07-30 16:25:00,"ALIVIOU, MAS NEM TANTO."
2025-07-30 16:30:00,SETEMBRO? S√ì QUANDO SETEMBRO CHEGAR.
2025-07-30 16:36:00,(BDM Online)
2025-07-30 17:16:00,"Volume financeiro somou R$ 22,5 bilh√µes"
2025-07-30 17:25:00,(M√°rcio Anaya)
2025-07-30 18:34:00,Copom mant√©m Selic em 15% ao ano
2025-07-30 18:35:00,Veja a √≠ntegra do comunicado do Copom:
2025-07-30 18:35:00,Copom: Decis√£o sobre Selic foi un√¢nime
2025-07-30 18:36:00,Veja a √≠ntegra do balan√ßo:
2025-07-30 18:49:00,CAUTELA.
2025-07-30 19:14:00,Veja a √≠ntegra do balan√ßo:
